Saison	Kalenderwoche	Altersgruppe	SARI_Hospitalisierungsinzidenz
2014/15	2014-W40	0-4	33.9
2014/15	2014-W40	5-14	5.5
2014/15	2014-W40	15-34	2.2
2014/15	2014-W40	35-59	2.4
2014/15	2014-W40	60-79	10.0
2014/15	2014-W40	80+	36.8
2014/15	2014-W40	00+	8.1
2014/15	2014-W41	0-4	30.1
2014/15	2014-W41	5-14	5.5
2014/15	2014-W41	15-34	3.2
2014/15	2014-W41	35-59	2.7
2014/15	2014-W41	60-79	10.9
2014/15	2014-W41	80+	42.2
2014/15	2014-W41	00+	8.8
2014/15	2014-W42	0-4	40.1
2014/15	2014-W42	5-14	6.0
2014/15	2014-W42	15-34	2.6
2014/15	2014-W42	35-59	3.4
2014/15	2014-W42	60-79	11.8
2014/15	2014-W42	80+	37.9
2014/15	2014-W42	00+	9.4
2014/15	2014-W43	0-4	42.5
2014/15	2014-W43	5-14	5.0
2014/15	2014-W43	15-34	2.4
2014/15	2014-W43	35-59	3.5
2014/15	2014-W43	60-79	11.3
2014/15	2014-W43	80+	42.5
2014/15	2014-W43	00+	9.6
2014/15	2014-W44	0-4	38.2
2014/15	2014-W44	5-14	9.1
2014/15	2014-W44	15-34	1.9
2014/15	2014-W44	35-59	3.8
2014/15	2014-W44	60-79	12.2
2014/15	2014-W44	80+	46.4
2014/15	2014-W44	00+	10.2
2014/15	2014-W45	0-4	44.9
2014/15	2014-W45	5-14	6.2
2014/15	2014-W45	15-34	2.8
2014/15	2014-W45	35-59	3.6
2014/15	2014-W45	60-79	9.9
2014/15	2014-W45	80+	41.8
2014/15	2014-W45	00+	9.5
2014/15	2014-W46	0-4	38.7
2014/15	2014-W46	5-14	8.1
2014/15	2014-W46	15-34	3.5
2014/15	2014-W46	35-59	2.7
2014/15	2014-W46	60-79	11.6
2014/15	2014-W46	80+	47.9
2014/15	2014-W46	00+	10.0
2014/15	2014-W47	0-4	54.4
2014/15	2014-W47	5-14	8.3
2014/15	2014-W47	15-34	2.3
2014/15	2014-W47	35-59	3.2
2014/15	2014-W47	60-79	11.5
2014/15	2014-W47	80+	42.9
2014/15	2014-W47	00+	10.4
2014/15	2014-W48	0-4	62.5
2014/15	2014-W48	5-14	6.9
2014/15	2014-W48	15-34	2.5
2014/15	2014-W48	35-59	3.8
2014/15	2014-W48	60-79	13.9
2014/15	2014-W48	80+	44.8
2014/15	2014-W48	00+	11.6
2014/15	2014-W49	0-4	64.5
2014/15	2014-W49	5-14	6.9
2014/15	2014-W49	15-34	2.6
2014/15	2014-W49	35-59	3.5
2014/15	2014-W49	60-79	13.3
2014/15	2014-W49	80+	47.5
2014/15	2014-W49	00+	11.6
2014/15	2014-W50	0-4	89.3
2014/15	2014-W50	5-14	8.1
2014/15	2014-W50	15-34	3.6
2014/15	2014-W50	35-59	4.0
2014/15	2014-W50	60-79	15.3
2014/15	2014-W50	80+	55.2
2014/15	2014-W50	00+	14.3
2014/15	2014-W51	0-4	94.5
2014/15	2014-W51	5-14	7.4
2014/15	2014-W51	15-34	2.7
2014/15	2014-W51	35-59	4.3
2014/15	2014-W51	60-79	16.3
2014/15	2014-W51	80+	55.6
2014/15	2014-W51	00+	14.7
2014/15	2014-W52	0-4	123.2
2014/15	2014-W52	5-14	5.2
2014/15	2014-W52	15-34	1.9
2014/15	2014-W52	35-59	5.3
2014/15	2014-W52	60-79	18.6
2014/15	2014-W52	80+	73.6
2014/15	2014-W52	00+	17.6
2014/15	2015-W01	0-4	97.3
2014/15	2015-W01	5-14	4.6
2014/15	2015-W01	15-34	3.0
2014/15	2015-W01	35-59	4.9
2014/15	2015-W01	60-79	16.9
2014/15	2015-W01	80+	72.1
2014/15	2015-W01	00+	16.2
2014/15	2015-W02	0-4	66.2
2014/15	2015-W02	5-14	5.6
2014/15	2015-W02	15-34	3.3
2014/15	2015-W02	35-59	4.9
2014/15	2015-W02	60-79	19.7
2014/15	2015-W02	80+	70.0
2014/15	2015-W02	00+	15.3
2014/15	2015-W03	0-4	78.4
2014/15	2015-W03	5-14	6.0
2014/15	2015-W03	15-34	3.9
2014/15	2015-W03	35-59	5.1
2014/15	2015-W03	60-79	19.7
2014/15	2015-W03	80+	66.4
2014/15	2015-W03	00+	15.9
2014/15	2015-W04	0-4	102.7
2014/15	2015-W04	5-14	6.0
2014/15	2015-W04	15-34	3.3
2014/15	2015-W04	35-59	5.1
2014/15	2015-W04	60-79	16.2
2014/15	2015-W04	80+	69.6
2014/15	2015-W04	00+	16.4
2014/15	2015-W05	0-4	119.4
2014/15	2015-W05	5-14	10.2
2014/15	2015-W05	15-34	5.1
2014/15	2015-W05	35-59	6.6
2014/15	2015-W05	60-79	19.7
2014/15	2015-W05	80+	74.7
2014/15	2015-W05	00+	19.7
2014/15	2015-W06	0-4	113.1
2014/15	2015-W06	5-14	8.8
2014/15	2015-W06	15-34	4.1
2014/15	2015-W06	35-59	6.7
2014/15	2015-W06	60-79	24.7
2014/15	2015-W06	80+	110.0
2014/15	2015-W06	00+	22.5
2014/15	2015-W07	0-4	105.9
2014/15	2015-W07	5-14	9.5
2014/15	2015-W07	15-34	4.6
2014/15	2015-W07	35-59	8.4
2014/15	2015-W07	60-79	31.1
2014/15	2015-W07	80+	135.6
2014/15	2015-W07	00+	26.0
2014/15	2015-W08	0-4	100.9
2014/15	2015-W08	5-14	7.7
2014/15	2015-W08	15-34	5.0
2014/15	2015-W08	35-59	9.4
2014/15	2015-W08	60-79	34.6
2014/15	2015-W08	80+	139.9
2014/15	2015-W08	00+	27.0
2014/15	2015-W09	0-4	108.1
2014/15	2015-W09	5-14	9.5
2014/15	2015-W09	15-34	4.0
2014/15	2015-W09	35-59	7.0
2014/15	2015-W09	60-79	30.5
2014/15	2015-W09	80+	123.4
2014/15	2015-W09	00+	24.6
2014/15	2015-W10	0-4	78.8
2014/15	2015-W10	5-14	7.0
2014/15	2015-W10	15-34	3.1
2014/15	2015-W10	35-59	6.7
2014/15	2015-W10	60-79	27.0
2014/15	2015-W10	80+	100.6
2014/15	2015-W10	00+	20.3
2014/15	2015-W11	0-4	77.5
2014/15	2015-W11	5-14	7.2
2014/15	2015-W11	15-34	2.8
2014/15	2015-W11	35-59	7.0
2014/15	2015-W11	60-79	23.8
2014/15	2015-W11	80+	81.5
2014/15	2015-W11	00+	18.3
2014/15	2015-W12	0-4	56.8
2014/15	2015-W12	5-14	7.4
2014/15	2015-W12	15-34	2.4
2014/15	2015-W12	35-59	4.7
2014/15	2015-W12	60-79	21.7
2014/15	2015-W12	80+	75.7
2014/15	2015-W12	00+	15.6
2014/15	2015-W13	0-4	54.1
2014/15	2015-W13	5-14	5.3
2014/15	2015-W13	15-34	2.2
2014/15	2015-W13	35-59	4.7
2014/15	2015-W13	60-79	20.6
2014/15	2015-W13	80+	71.4
2014/15	2015-W13	00+	14.6
2014/15	2015-W14	0-4	55.4
2014/15	2015-W14	5-14	4.4
2014/15	2015-W14	15-34	2.6
2014/15	2015-W14	35-59	5.0
2014/15	2015-W14	60-79	18.1
2014/15	2015-W14	80+	64.9
2014/15	2015-W14	00+	13.9
2014/15	2015-W15	0-4	51.4
2014/15	2015-W15	5-14	2.3
2014/15	2015-W15	15-34	1.7
2014/15	2015-W15	35-59	4.9
2014/15	2015-W15	60-79	16.8
2014/15	2015-W15	80+	46.2
2014/15	2015-W15	00+	11.7
2014/15	2015-W16	0-4	34.2
2014/15	2015-W16	5-14	2.8
2014/15	2015-W16	15-34	2.3
2014/15	2015-W16	35-59	4.7
2014/15	2015-W16	60-79	14.4
2014/15	2015-W16	80+	52.7
2014/15	2015-W16	00+	10.8
2014/15	2015-W17	0-4	33.8
2014/15	2015-W17	5-14	4.6
2014/15	2015-W17	15-34	2.2
2014/15	2015-W17	35-59	3.8
2014/15	2015-W17	60-79	14.3
2014/15	2015-W17	80+	48.0
2014/15	2015-W17	00+	10.3
2014/15	2015-W18	0-4	34.7
2014/15	2015-W18	5-14	5.6
2014/15	2015-W18	15-34	1.9
2014/15	2015-W18	35-59	2.5
2014/15	2015-W18	60-79	13.7
2014/15	2015-W18	80+	50.1
2014/15	2015-W18	00+	9.9
2014/15	2015-W19	0-4	33.8
2014/15	2015-W19	5-14	3.5
2014/15	2015-W19	15-34	1.3
2014/15	2015-W19	35-59	3.6
2014/15	2015-W19	60-79	11.4
2014/15	2015-W19	80+	40.0
2014/15	2015-W19	00+	8.7
2014/15	2015-W20	0-4	34.7
2014/15	2015-W20	5-14	3.0
2014/15	2015-W20	15-34	1.1
2014/15	2015-W20	35-59	2.6
2014/15	2015-W20	60-79	13.8
2014/15	2015-W20	80+	37.1
2014/15	2015-W20	00+	8.7
2014/15	2015-W21	0-4	24.3
2014/15	2015-W21	5-14	4.4
2014/15	2015-W21	15-34	1.1
2014/15	2015-W21	35-59	3.8
2014/15	2015-W21	60-79	12.7
2014/15	2015-W21	80+	39.0
2014/15	2015-W21	00+	8.6
2014/15	2015-W22	0-4	35.1
2014/15	2015-W22	5-14	2.6
2014/15	2015-W22	15-34	1.4
2014/15	2015-W22	35-59	2.0
2014/15	2015-W22	60-79	11.5
2014/15	2015-W22	80+	34.3
2014/15	2015-W22	00+	7.9
2014/15	2015-W23	0-4	35.6
2014/15	2015-W23	5-14	4.2
2014/15	2015-W23	15-34	1.7
2014/15	2015-W23	35-59	2.9
2014/15	2015-W23	60-79	11.5
2014/15	2015-W23	80+	37.9
2014/15	2015-W23	00+	8.6
2014/15	2015-W24	0-4	25.7
2014/15	2015-W24	5-14	3.7
2014/15	2015-W24	15-34	2.0
2014/15	2015-W24	35-59	3.0
2014/15	2015-W24	60-79	11.1
2014/15	2015-W24	80+	27.8
2014/15	2015-W24	00+	7.5
2014/15	2015-W25	0-4	29.7
2014/15	2015-W25	5-14	5.1
2014/15	2015-W25	15-34	1.2
2014/15	2015-W25	35-59	3.0
2014/15	2015-W25	60-79	10.7
2014/15	2015-W25	80+	31.7
2014/15	2015-W25	00+	7.8
2014/15	2015-W26	0-4	23.4
2014/15	2015-W26	5-14	2.6
2014/15	2015-W26	15-34	1.9
2014/15	2015-W26	35-59	2.8
2014/15	2015-W26	60-79	12.1
2014/15	2015-W26	80+	30.3
2014/15	2015-W26	00+	7.5
2014/15	2015-W27	0-4	22.5
2014/15	2015-W27	5-14	5.1
2014/15	2015-W27	15-34	1.9
2014/15	2015-W27	35-59	3.0
2014/15	2015-W27	60-79	12.2
2014/15	2015-W27	80+	32.5
2014/15	2015-W27	00+	8.0
2014/15	2015-W28	0-4	22.5
2014/15	2015-W28	5-14	2.8
2014/15	2015-W28	15-34	1.7
2014/15	2015-W28	35-59	2.9
2014/15	2015-W28	60-79	10.7
2014/15	2015-W28	80+	34.6
2014/15	2015-W28	00+	7.5
2014/15	2015-W29	0-4	19.4
2014/15	2015-W29	5-14	1.6
2014/15	2015-W29	15-34	1.7
2014/15	2015-W29	35-59	2.6
2014/15	2015-W29	60-79	8.3
2014/15	2015-W29	80+	32.1
2014/15	2015-W29	00+	6.4
2014/15	2015-W30	0-4	13.5
2014/15	2015-W30	5-14	0.7
2014/15	2015-W30	15-34	1.9
2014/15	2015-W30	35-59	2.4
2014/15	2015-W30	60-79	9.0
2014/15	2015-W30	80+	34.6
2014/15	2015-W30	00+	6.3
2014/15	2015-W31	0-4	14.9
2014/15	2015-W31	5-14	1.4
2014/15	2015-W31	15-34	1.1
2014/15	2015-W31	35-59	2.1
2014/15	2015-W31	60-79	7.8
2014/15	2015-W31	80+	25.2
2014/15	2015-W31	00+	5.2
2014/15	2015-W32	0-4	10.8
2014/15	2015-W32	5-14	1.4
2014/15	2015-W32	15-34	1.6
2014/15	2015-W32	35-59	2.9
2014/15	2015-W32	60-79	10.0
2014/15	2015-W32	80+	24.9
2014/15	2015-W32	00+	5.9
2014/15	2015-W33	0-4	9.0
2014/15	2015-W33	5-14	1.9
2014/15	2015-W33	15-34	2.1
2014/15	2015-W33	35-59	2.3
2014/15	2015-W33	60-79	9.3
2014/15	2015-W33	80+	32.5
2014/15	2015-W33	00+	6.1
2014/15	2015-W34	0-4	14.0
2014/15	2015-W34	5-14	1.9
2014/15	2015-W34	15-34	1.5
2014/15	2015-W34	35-59	2.0
2014/15	2015-W34	60-79	8.4
2014/15	2015-W34	80+	24.9
2014/15	2015-W34	00+	5.4
2014/15	2015-W35	0-4	19.4
2014/15	2015-W35	5-14	2.3
2014/15	2015-W35	15-34	1.4
2014/15	2015-W35	35-59	3.1
2014/15	2015-W35	60-79	6.4
2014/15	2015-W35	80+	25.2
2014/15	2015-W35	00+	5.7
2014/15	2015-W36	0-4	22.5
2014/15	2015-W36	5-14	3.3
2014/15	2015-W36	15-34	2.0
2014/15	2015-W36	35-59	2.6
2014/15	2015-W36	60-79	8.9
2014/15	2015-W36	80+	27.1
2014/15	2015-W36	00+	6.6
2014/15	2015-W37	0-4	32.4
2014/15	2015-W37	5-14	6.3
2014/15	2015-W37	15-34	1.7
2014/15	2015-W37	35-59	3.4
2014/15	2015-W37	60-79	9.3
2014/15	2015-W37	80+	27.4
2014/15	2015-W37	00+	7.7
2014/15	2015-W38	0-4	33.3
2014/15	2015-W38	5-14	5.6
2014/15	2015-W38	15-34	2.3
2014/15	2015-W38	35-59	3.0
2014/15	2015-W38	60-79	10.0
2014/15	2015-W38	80+	29.6
2014/15	2015-W38	00+	8.0
2014/15	2015-W39	0-4	30.2
2014/15	2015-W39	5-14	5.1
2014/15	2015-W39	15-34	2.4
2014/15	2015-W39	35-59	3.4
2014/15	2015-W39	60-79	8.4
2014/15	2015-W39	80+	39.3
2014/15	2015-W39	00+	8.2
2015/16	2015-W40	0-4	33.3
2015/16	2015-W40	5-14	4.4
2015/16	2015-W40	15-34	3.0
2015/16	2015-W40	35-59	3.7
2015/16	2015-W40	60-79	11.1
2015/16	2015-W40	80+	42.2
2015/16	2015-W40	00+	9.3
2015/16	2015-W41	0-4	36.0
2015/16	2015-W41	5-14	5.8
2015/16	2015-W41	15-34	1.8
2015/16	2015-W41	35-59	2.9
2015/16	2015-W41	60-79	13.4
2015/16	2015-W41	80+	44.7
2015/16	2015-W41	00+	9.7
2015/16	2015-W42	0-4	34.7
2015/16	2015-W42	5-14	3.7
2015/16	2015-W42	15-34	2.6
2015/16	2015-W42	35-59	3.0
2015/16	2015-W42	60-79	13.7
2015/16	2015-W42	80+	42.2
2015/16	2015-W42	00+	9.6
2015/16	2015-W43	0-4	35.1
2015/16	2015-W43	5-14	3.5
2015/16	2015-W43	15-34	2.6
2015/16	2015-W43	35-59	3.1
2015/16	2015-W43	60-79	11.5
2015/16	2015-W43	80+	47.2
2015/16	2015-W43	00+	9.4
2015/16	2015-W44	0-4	38.7
2015/16	2015-W44	5-14	5.6
2015/16	2015-W44	15-34	2.1
2015/16	2015-W44	35-59	3.5
2015/16	2015-W44	60-79	11.2
2015/16	2015-W44	80+	33.9
2015/16	2015-W44	00+	8.9
2015/16	2015-W45	0-4	45.1
2015/16	2015-W45	5-14	3.5
2015/16	2015-W45	15-34	2.3
2015/16	2015-W45	35-59	4.2
2015/16	2015-W45	60-79	12.6
2015/16	2015-W45	80+	37.5
2015/16	2015-W45	00+	9.9
2015/16	2015-W46	0-4	55.9
2015/16	2015-W46	5-14	3.5
2015/16	2015-W46	15-34	2.8
2015/16	2015-W46	35-59	4.3
2015/16	2015-W46	60-79	10.0
2015/16	2015-W46	80+	32.8
2015/16	2015-W46	00+	9.7
2015/16	2015-W47	0-4	55.0
2015/16	2015-W47	5-14	6.5
2015/16	2015-W47	15-34	2.7
2015/16	2015-W47	35-59	4.7
2015/16	2015-W47	60-79	13.6
2015/16	2015-W47	80+	44.0
2015/16	2015-W47	00+	11.6
2015/16	2015-W48	0-4	54.5
2015/16	2015-W48	5-14	3.5
2015/16	2015-W48	15-34	2.6
2015/16	2015-W48	35-59	3.8
2015/16	2015-W48	60-79	12.9
2015/16	2015-W48	80+	37.5
2015/16	2015-W48	00+	10.4
2015/16	2015-W49	0-4	66.7
2015/16	2015-W49	5-14	7.2
2015/16	2015-W49	15-34	3.4
2015/16	2015-W49	35-59	4.0
2015/16	2015-W49	60-79	12.0
2015/16	2015-W49	80+	46.2
2015/16	2015-W49	00+	11.9
2015/16	2015-W50	0-4	81.1
2015/16	2015-W50	5-14	8.4
2015/16	2015-W50	15-34	2.8
2015/16	2015-W50	35-59	3.6
2015/16	2015-W50	60-79	13.5
2015/16	2015-W50	80+	48.0
2015/16	2015-W50	00+	13.0
2015/16	2015-W51	0-4	76.6
2015/16	2015-W51	5-14	8.1
2015/16	2015-W51	15-34	3.5
2015/16	2015-W51	35-59	3.2
2015/16	2015-W51	60-79	13.6
2015/16	2015-W51	80+	54.8
2015/16	2015-W51	00+	13.2
2015/16	2015-W52	0-4	93.3
2015/16	2015-W52	5-14	6.5
2015/16	2015-W52	15-34	3.8
2015/16	2015-W52	35-59	4.6
2015/16	2015-W52	60-79	12.9
2015/16	2015-W52	80+	55.2
2015/16	2015-W52	00+	14.2
2015/16	2015-W53	0-4	77.0
2015/16	2015-W53	5-14	3.0
2015/16	2015-W53	15-34	2.3
2015/16	2015-W53	35-59	4.5
2015/16	2015-W53	60-79	19.5
2015/16	2015-W53	80+	63.8
2015/16	2015-W53	00+	14.8
2015/16	2016-W01	0-4	66.3
2015/16	2016-W01	5-14	5.2
2015/16	2016-W01	15-34	3.4
2015/16	2016-W01	35-59	4.7
2015/16	2016-W01	60-79	18.4
2015/16	2016-W01	80+	62.7
2015/16	2016-W01	00+	14.7
2015/16	2016-W02	0-4	77.1
2015/16	2016-W02	5-14	5.0
2015/16	2016-W02	15-34	3.7
2015/16	2016-W02	35-59	4.5
2015/16	2016-W02	60-79	14.3
2015/16	2016-W02	80+	53.7
2015/16	2016-W02	00+	13.6
2015/16	2016-W03	0-4	94.5
2015/16	2016-W03	5-14	6.7
2015/16	2016-W03	15-34	2.5
2015/16	2016-W03	35-59	4.3
2015/16	2016-W03	60-79	14.7
2015/16	2016-W03	80+	60.9
2015/16	2016-W03	00+	14.9
2015/16	2016-W04	0-4	114.2
2015/16	2016-W04	5-14	9.0
2015/16	2016-W04	15-34	4.9
2015/16	2016-W04	35-59	6.6
2015/16	2016-W04	60-79	16.9
2015/16	2016-W04	80+	56.1
2015/16	2016-W04	00+	17.6
2015/16	2016-W05	0-4	117.4
2015/16	2016-W05	5-14	10.5
2015/16	2016-W05	15-34	4.0
2015/16	2016-W05	35-59	5.5
2015/16	2016-W05	60-79	17.2
2015/16	2016-W05	80+	60.9
2015/16	2016-W05	00+	17.8
2015/16	2016-W06	0-4	93.2
2015/16	2016-W06	5-14	5.2
2015/16	2016-W06	15-34	4.2
2015/16	2016-W06	35-59	6.3
2015/16	2016-W06	60-79	16.6
2015/16	2016-W06	80+	65.4
2015/16	2016-W06	00+	16.5
2015/16	2016-W07	0-4	97.2
2015/16	2016-W07	5-14	7.9
2015/16	2016-W07	15-34	4.3
2015/16	2016-W07	35-59	5.9
2015/16	2016-W07	60-79	18.6
2015/16	2016-W07	80+	58.5
2015/16	2016-W07	00+	16.8
2015/16	2016-W08	0-4	95.9
2015/16	2016-W08	5-14	11.2
2015/16	2016-W08	15-34	4.9
2015/16	2016-W08	35-59	4.9
2015/16	2016-W08	60-79	21.5
2015/16	2016-W08	80+	62.7
2015/16	2016-W08	00+	17.8
2015/16	2016-W09	0-4	112.0
2015/16	2016-W09	5-14	13.3
2015/16	2016-W09	15-34	6.5
2015/16	2016-W09	35-59	6.9
2015/16	2016-W09	60-79	20.4
2015/16	2016-W09	80+	67.5
2015/16	2016-W09	00+	19.9
2015/16	2016-W10	0-4	97.2
2015/16	2016-W10	5-14	15.5
2015/16	2016-W10	15-34	6.3
2015/16	2016-W10	35-59	7.2
2015/16	2016-W10	60-79	21.5
2015/16	2016-W10	80+	69.3
2015/16	2016-W10	00+	19.9
2015/16	2016-W11	0-4	90.5
2015/16	2016-W11	5-14	13.6
2015/16	2016-W11	15-34	6.0
2015/16	2016-W11	35-59	7.3
2015/16	2016-W11	60-79	22.9
2015/16	2016-W11	80+	63.0
2015/16	2016-W11	00+	19.2
2015/16	2016-W12	0-4	81.5
2015/16	2016-W12	5-14	10.2
2015/16	2016-W12	15-34	5.8
2015/16	2016-W12	35-59	5.6
2015/16	2016-W12	60-79	25.1
2015/16	2016-W12	80+	59.9
2015/16	2016-W12	00+	18.1
2015/16	2016-W13	0-4	55.1
2015/16	2016-W13	5-14	6.7
2015/16	2016-W13	15-34	2.9
2015/16	2016-W13	35-59	5.5
2015/16	2016-W13	60-79	19.8
2015/16	2016-W13	80+	64.4
2015/16	2016-W13	00+	14.8
2015/16	2016-W14	0-4	49.7
2015/16	2016-W14	5-14	8.1
2015/16	2016-W14	15-34	3.5
2015/16	2016-W14	35-59	5.2
2015/16	2016-W14	60-79	18.0
2015/16	2016-W14	80+	61.6
2015/16	2016-W14	00+	14.1
2015/16	2016-W15	0-4	51.5
2015/16	2016-W15	5-14	6.9
2015/16	2016-W15	15-34	3.2
2015/16	2016-W15	35-59	3.9
2015/16	2016-W15	60-79	14.0
2015/16	2016-W15	80+	44.7
2015/16	2016-W15	00+	11.5
2015/16	2016-W16	0-4	43.0
2015/16	2016-W16	5-14	5.2
2015/16	2016-W16	15-34	1.9
2015/16	2016-W16	35-59	4.1
2015/16	2016-W16	60-79	14.0
2015/16	2016-W16	80+	39.1
2015/16	2016-W16	00+	10.3
2015/16	2016-W17	0-4	34.5
2015/16	2016-W17	5-14	5.0
2015/16	2016-W17	15-34	2.4
2015/16	2016-W17	35-59	3.7
2015/16	2016-W17	60-79	12.2
2015/16	2016-W17	80+	35.3
2015/16	2016-W17	00+	9.2
2015/16	2016-W18	0-4	40.8
2015/16	2016-W18	5-14	5.7
2015/16	2016-W18	15-34	1.9
2015/16	2016-W18	35-59	4.1
2015/16	2016-W18	60-79	13.1
2015/16	2016-W18	80+	44.7
2015/16	2016-W18	00+	10.4
2015/16	2016-W19	0-4	31.8
2015/16	2016-W19	5-14	3.6
2015/16	2016-W19	15-34	1.8
2015/16	2016-W19	35-59	3.7
2015/16	2016-W19	60-79	12.0
2015/16	2016-W19	80+	46.1
2015/16	2016-W19	00+	9.4
2015/16	2016-W20	0-4	25.1
2015/16	2016-W20	5-14	1.4
2015/16	2016-W20	15-34	2.1
2015/16	2016-W20	35-59	2.6
2015/16	2016-W20	60-79	9.8
2015/16	2016-W20	80+	33.2
2015/16	2016-W20	00+	7.2
2015/16	2016-W21	0-4	26.4
2015/16	2016-W21	5-14	1.4
2015/16	2016-W21	15-34	1.6
2015/16	2016-W21	35-59	2.4
2015/16	2016-W21	60-79	9.3
2015/16	2016-W21	80+	40.5
2015/16	2016-W21	00+	7.5
2015/16	2016-W22	0-4	31.4
2015/16	2016-W22	5-14	3.8
2015/16	2016-W22	15-34	1.5
2015/16	2016-W22	35-59	2.2
2015/16	2016-W22	60-79	11.4
2015/16	2016-W22	80+	37.7
2015/16	2016-W22	00+	8.2
2015/16	2016-W23	0-4	25.1
2015/16	2016-W23	5-14	2.6
2015/16	2016-W23	15-34	1.4
2015/16	2016-W23	35-59	2.9
2015/16	2016-W23	60-79	8.2
2015/16	2016-W23	80+	29.8
2015/16	2016-W23	00+	6.7
2015/16	2016-W24	0-4	23.3
2015/16	2016-W24	5-14	4.5
2015/16	2016-W24	15-34	1.8
2015/16	2016-W24	35-59	2.2
2015/16	2016-W24	60-79	8.9
2015/16	2016-W24	80+	33.2
2015/16	2016-W24	00+	7.0
2015/16	2016-W25	0-4	22.8
2015/16	2016-W25	5-14	1.2
2015/16	2016-W25	15-34	1.4
2015/16	2016-W25	35-59	3.2
2015/16	2016-W25	60-79	9.9
2015/16	2016-W25	80+	32.6
2015/16	2016-W25	00+	7.1
2015/16	2016-W26	0-4	24.6
2015/16	2016-W26	5-14	4.0
2015/16	2016-W26	15-34	1.3
2015/16	2016-W26	35-59	2.8
2015/16	2016-W26	60-79	8.6
2015/16	2016-W26	80+	27.0
2015/16	2016-W26	00+	6.7
2015/16	2016-W27	0-4	24.6
2015/16	2016-W27	5-14	2.6
2015/16	2016-W27	15-34	1.7
2015/16	2016-W27	35-59	2.2
2015/16	2016-W27	60-79	9.5
2015/16	2016-W27	80+	26.3
2015/16	2016-W27	00+	6.6
2015/16	2016-W28	0-4	19.7
2015/16	2016-W28	5-14	5.5
2015/16	2016-W28	15-34	3.0
2015/16	2016-W28	35-59	2.4
2015/16	2016-W28	60-79	11.4
2015/16	2016-W28	80+	36.0
2015/16	2016-W28	00+	8.0
2015/16	2016-W29	0-4	19.3
2015/16	2016-W29	5-14	3.8
2015/16	2016-W29	15-34	4.0
2015/16	2016-W29	35-59	2.8
2015/16	2016-W29	60-79	9.8
2015/16	2016-W29	80+	28.7
2015/16	2016-W29	00+	7.3
2015/16	2016-W30	0-4	25.1
2015/16	2016-W30	5-14	3.3
2015/16	2016-W30	15-34	2.7
2015/16	2016-W30	35-59	2.8
2015/16	2016-W30	60-79	8.9
2015/16	2016-W30	80+	34.6
2015/16	2016-W30	00+	7.5
2015/16	2016-W31	0-4	23.7
2015/16	2016-W31	5-14	5.0
2015/16	2016-W31	15-34	1.9
2015/16	2016-W31	35-59	2.8
2015/16	2016-W31	60-79	8.8
2015/16	2016-W31	80+	32.9
2015/16	2016-W31	00+	7.3
2015/16	2016-W32	0-4	42.6
2015/16	2016-W32	5-14	8.8
2015/16	2016-W32	15-34	1.4
2015/16	2016-W32	35-59	3.0
2015/16	2016-W32	60-79	7.8
2015/16	2016-W32	80+	28.0
2015/16	2016-W32	00+	8.0
2015/16	2016-W33	0-4	43.0
2015/16	2016-W33	5-14	11.0
2015/16	2016-W33	15-34	2.1
2015/16	2016-W33	35-59	2.4
2015/16	2016-W33	60-79	9.0
2015/16	2016-W33	80+	25.3
2015/16	2016-W33	00+	8.3
2015/16	2016-W34	0-4	28.2
2015/16	2016-W34	5-14	6.0
2015/16	2016-W34	15-34	2.4
2015/16	2016-W34	35-59	3.2
2015/16	2016-W34	60-79	9.4
2015/16	2016-W34	80+	30.5
2015/16	2016-W34	00+	7.8
2015/16	2016-W35	0-4	30.0
2015/16	2016-W35	5-14	6.4
2015/16	2016-W35	15-34	2.7
2015/16	2016-W35	35-59	2.6
2015/16	2016-W35	60-79	9.3
2015/16	2016-W35	80+	36.4
2015/16	2016-W35	00+	8.2
2015/16	2016-W36	0-4	38.5
2015/16	2016-W36	5-14	8.6
2015/16	2016-W36	15-34	2.6
2015/16	2016-W36	35-59	2.8
2015/16	2016-W36	60-79	8.6
2015/16	2016-W36	80+	26.7
2015/16	2016-W36	00+	8.1
2015/16	2016-W37	0-4	33.6
2015/16	2016-W37	5-14	5.7
2015/16	2016-W37	15-34	2.2
2015/16	2016-W37	35-59	2.4
2015/16	2016-W37	60-79	9.6
2015/16	2016-W37	80+	31.2
2015/16	2016-W37	00+	7.9
2015/16	2016-W38	0-4	31.8
2015/16	2016-W38	5-14	4.3
2015/16	2016-W38	15-34	3.1
2015/16	2016-W38	35-59	2.8
2015/16	2016-W38	60-79	10.3
2015/16	2016-W38	80+	29.4
2015/16	2016-W38	00+	8.0
2015/16	2016-W39	0-4	31.4
2015/16	2016-W39	5-14	5.2
2015/16	2016-W39	15-34	2.9
2015/16	2016-W39	35-59	3.1
2015/16	2016-W39	60-79	10.0
2015/16	2016-W39	80+	31.9
2015/16	2016-W39	00+	8.2
2016/17	2016-W40	0-4	27.8
2016/17	2016-W40	5-14	4.8
2016/17	2016-W40	15-34	2.5
2016/17	2016-W40	35-59	2.9
2016/17	2016-W40	60-79	9.6
2016/17	2016-W40	80+	31.2
2016/17	2016-W40	00+	7.7
2016/17	2016-W41	0-4	34.0
2016/17	2016-W41	5-14	4.8
2016/17	2016-W41	15-34	1.7
2016/17	2016-W41	35-59	2.9
2016/17	2016-W41	60-79	13.5
2016/17	2016-W41	80+	36.4
2016/17	2016-W41	00+	9.1
2016/17	2016-W42	0-4	27.8
2016/17	2016-W42	5-14	4.0
2016/17	2016-W42	15-34	1.9
2016/17	2016-W42	35-59	4.5
2016/17	2016-W42	60-79	10.8
2016/17	2016-W42	80+	37.7
2016/17	2016-W42	00+	8.8
2016/17	2016-W43	0-4	28.7
2016/17	2016-W43	5-14	4.5
2016/17	2016-W43	15-34	2.5
2016/17	2016-W43	35-59	3.9
2016/17	2016-W43	60-79	10.5
2016/17	2016-W43	80+	43.3
2016/17	2016-W43	00+	9.0
2016/17	2016-W44	0-4	30.9
2016/17	2016-W44	5-14	5.0
2016/17	2016-W44	15-34	2.9
2016/17	2016-W44	35-59	2.9
2016/17	2016-W44	60-79	13.1
2016/17	2016-W44	80+	39.8
2016/17	2016-W44	00+	9.3
2016/17	2016-W45	0-4	36.3
2016/17	2016-W45	5-14	6.2
2016/17	2016-W45	15-34	2.6
2016/17	2016-W45	35-59	3.6
2016/17	2016-W45	60-79	12.8
2016/17	2016-W45	80+	49.5
2016/17	2016-W45	00+	10.5
2016/17	2016-W46	0-4	42.6
2016/17	2016-W46	5-14	5.5
2016/17	2016-W46	15-34	2.6
2016/17	2016-W46	35-59	3.5
2016/17	2016-W46	60-79	14.8
2016/17	2016-W46	80+	47.8
2016/17	2016-W46	00+	11.1
2016/17	2016-W47	0-4	52.0
2016/17	2016-W47	5-14	4.8
2016/17	2016-W47	15-34	2.4
2016/17	2016-W47	35-59	3.5
2016/17	2016-W47	60-79	12.2
2016/17	2016-W47	80+	42.6
2016/17	2016-W47	00+	10.5
2016/17	2016-W48	0-4	58.2
2016/17	2016-W48	5-14	4.3
2016/17	2016-W48	15-34	2.6
2016/17	2016-W48	35-59	3.2
2016/17	2016-W48	60-79	11.3
2016/17	2016-W48	80+	39.8
2016/17	2016-W48	00+	10.3
2016/17	2016-W49	0-4	76.2
2016/17	2016-W49	5-14	6.0
2016/17	2016-W49	15-34	2.5
2016/17	2016-W49	35-59	3.2
2016/17	2016-W49	60-79	16.6
2016/17	2016-W49	80+	51.6
2016/17	2016-W49	00+	13.4
2016/17	2016-W50	0-4	109.8
2016/17	2016-W50	5-14	7.4
2016/17	2016-W50	15-34	1.7
2016/17	2016-W50	35-59	4.9
2016/17	2016-W50	60-79	18.5
2016/17	2016-W50	80+	63.4
2016/17	2016-W50	00+	16.8
2016/17	2016-W51	0-4	116.9
2016/17	2016-W51	5-14	6.7
2016/17	2016-W51	15-34	2.1
2016/17	2016-W51	35-59	4.1
2016/17	2016-W51	60-79	15.8
2016/17	2016-W51	80+	63.4
2016/17	2016-W51	00+	16.3
2016/17	2016-W52	0-4	149.6
2016/17	2016-W52	5-14	5.7
2016/17	2016-W52	15-34	3.8
2016/17	2016-W52	35-59	5.3
2016/17	2016-W52	60-79	22.7
2016/17	2016-W52	80+	97.7
2016/17	2016-W52	00+	22.5
2016/17	2017-W01	0-4	96.0
2016/17	2017-W01	5-14	4.8
2016/17	2017-W01	15-34	4.4
2016/17	2017-W01	35-59	6.2
2016/17	2017-W01	60-79	25.3
2016/17	2017-W01	80+	102.4
2016/17	2017-W01	00+	21.5
2016/17	2017-W02	0-4	88.2
2016/17	2017-W02	5-14	6.0
2016/17	2017-W02	15-34	4.5
2016/17	2017-W02	35-59	5.8
2016/17	2017-W02	60-79	25.9
2016/17	2017-W02	80+	103.0
2016/17	2017-W02	00+	21.2
2016/17	2017-W03	0-4	128.3
2016/17	2017-W03	5-14	7.2
2016/17	2017-W03	15-34	4.2
2016/17	2017-W03	35-59	5.3
2016/17	2017-W03	60-79	26.2
2016/17	2017-W03	80+	93.1
2016/17	2017-W03	00+	22.6
2016/17	2017-W04	0-4	133.1
2016/17	2017-W04	5-14	9.8
2016/17	2017-W04	15-34	4.8
2016/17	2017-W04	35-59	6.9
2016/17	2017-W04	60-79	27.7
2016/17	2017-W04	80+	111.3
2016/17	2017-W04	00+	25.4
2016/17	2017-W05	0-4	156.2
2016/17	2017-W05	5-14	10.3
2016/17	2017-W05	15-34	4.5
2016/17	2017-W05	35-59	6.9
2016/17	2017-W05	60-79	36.4
2016/17	2017-W05	80+	142.8
2016/17	2017-W05	00+	30.8
2016/17	2017-W06	0-4	119.1
2016/17	2017-W06	5-14	6.2
2016/17	2017-W06	15-34	4.5
2016/17	2017-W06	35-59	8.0
2016/17	2017-W06	60-79	37.1
2016/17	2017-W06	80+	141.1
2016/17	2017-W06	00+	28.9
2016/17	2017-W07	0-4	107.4
2016/17	2017-W07	5-14	9.1
2016/17	2017-W07	15-34	4.3
2016/17	2017-W07	35-59	8.3
2016/17	2017-W07	60-79	34.3
2016/17	2017-W07	80+	152.0
2016/17	2017-W07	00+	28.7
2016/17	2017-W08	0-4	88.2
2016/17	2017-W08	5-14	7.4
2016/17	2017-W08	15-34	3.6
2016/17	2017-W08	35-59	6.4
2016/17	2017-W08	60-79	34.8
2016/17	2017-W08	80+	121.6
2016/17	2017-W08	00+	24.7
2016/17	2017-W09	0-4	69.8
2016/17	2017-W09	5-14	5.3
2016/17	2017-W09	15-34	2.0
2016/17	2017-W09	35-59	6.4
2016/17	2017-W09	60-79	24.1
2016/17	2017-W09	80+	86.8
2016/17	2017-W09	00+	18.3
2016/17	2017-W10	0-4	77.2
2016/17	2017-W10	5-14	7.7
2016/17	2017-W10	15-34	2.5
2016/17	2017-W10	35-59	4.7
2016/17	2017-W10	60-79	19.2
2016/17	2017-W10	80+	73.2
2016/17	2017-W10	00+	16.4
2016/17	2017-W11	0-4	55.4
2016/17	2017-W11	5-14	3.8
2016/17	2017-W11	15-34	2.3
2016/17	2017-W11	35-59	3.2
2016/17	2017-W11	60-79	18.9
2016/17	2017-W11	80+	59.6
2016/17	2017-W11	00+	13.4
2016/17	2017-W12	0-4	48.4
2016/17	2017-W12	5-14	4.6
2016/17	2017-W12	15-34	1.5
2016/17	2017-W12	35-59	4.1
2016/17	2017-W12	60-79	16.1
2016/17	2017-W12	80+	62.3
2016/17	2017-W12	00+	12.7
2016/17	2017-W13	0-4	44.5
2016/17	2017-W13	5-14	4.3
2016/17	2017-W13	15-34	2.7
2016/17	2017-W13	35-59	4.1
2016/17	2017-W13	60-79	14.1
2016/17	2017-W13	80+	46.0
2016/17	2017-W13	00+	11.2
2016/17	2017-W14	0-4	52.8
2016/17	2017-W14	5-14	4.6
2016/17	2017-W14	15-34	1.3
2016/17	2017-W14	35-59	3.3
2016/17	2017-W14	60-79	14.6
2016/17	2017-W14	80+	45.0
2016/17	2017-W14	00+	11.1
2016/17	2017-W15	0-4	40.2
2016/17	2017-W15	5-14	3.6
2016/17	2017-W15	15-34	1.6
2016/17	2017-W15	35-59	3.0
2016/17	2017-W15	60-79	13.4
2016/17	2017-W15	80+	41.1
2016/17	2017-W15	00+	9.7
2016/17	2017-W16	0-4	35.8
2016/17	2017-W16	5-14	1.4
2016/17	2017-W16	15-34	1.4
2016/17	2017-W16	35-59	3.1
2016/17	2017-W16	60-79	14.7
2016/17	2017-W16	80+	45.0
2016/17	2017-W16	00+	9.9
2016/17	2017-W17	0-4	32.7
2016/17	2017-W17	5-14	1.9
2016/17	2017-W17	15-34	1.4
2016/17	2017-W17	35-59	3.4
2016/17	2017-W17	60-79	14.6
2016/17	2017-W17	80+	48.4
2016/17	2017-W17	00+	10.1
2016/17	2017-W18	0-4	36.2
2016/17	2017-W18	5-14	3.6
2016/17	2017-W18	15-34	1.0
2016/17	2017-W18	35-59	3.0
2016/17	2017-W18	60-79	14.0
2016/17	2017-W18	80+	39.7
2016/17	2017-W18	00+	9.5
2016/17	2017-W19	0-4	30.1
2016/17	2017-W19	5-14	4.6
2016/17	2017-W19	15-34	1.2
2016/17	2017-W19	35-59	3.1
2016/17	2017-W19	60-79	14.6
2016/17	2017-W19	80+	39.7
2016/17	2017-W19	00+	9.4
2016/17	2017-W20	0-4	39.7
2016/17	2017-W20	5-14	3.6
2016/17	2017-W20	15-34	1.9
2016/17	2017-W20	35-59	3.1
2016/17	2017-W20	60-79	12.5
2016/17	2017-W20	80+	43.1
2016/17	2017-W20	00+	9.7
2016/17	2017-W21	0-4	31.0
2016/17	2017-W21	5-14	2.9
2016/17	2017-W21	15-34	2.0
2016/17	2017-W21	35-59	3.5
2016/17	2017-W21	60-79	14.0
2016/17	2017-W21	80+	36.1
2016/17	2017-W21	00+	9.3
2016/17	2017-W22	0-4	18.3
2016/17	2017-W22	5-14	2.4
2016/17	2017-W22	15-34	1.5
2016/17	2017-W22	35-59	4.0
2016/17	2017-W22	60-79	12.0
2016/17	2017-W22	80+	42.1
2016/17	2017-W22	00+	8.6
2016/17	2017-W23	0-4	21.8
2016/17	2017-W23	5-14	2.6
2016/17	2017-W23	15-34	0.6
2016/17	2017-W23	35-59	2.1
2016/17	2017-W23	60-79	9.7
2016/17	2017-W23	80+	34.1
2016/17	2017-W23	00+	6.9
2016/17	2017-W24	0-4	23.1
2016/17	2017-W24	5-14	2.6
2016/17	2017-W24	15-34	1.3
2016/17	2017-W24	35-59	1.9
2016/17	2017-W24	60-79	13.1
2016/17	2017-W24	80+	33.1
2016/17	2017-W24	00+	7.7
2016/17	2017-W25	0-4	17.0
2016/17	2017-W25	5-14	3.1
2016/17	2017-W25	15-34	1.1
2016/17	2017-W25	35-59	3.1
2016/17	2017-W25	60-79	10.1
2016/17	2017-W25	80+	31.8
2016/17	2017-W25	00+	7.0
2016/17	2017-W26	0-4	21.4
2016/17	2017-W26	5-14	2.2
2016/17	2017-W26	15-34	1.8
2016/17	2017-W26	35-59	3.0
2016/17	2017-W26	60-79	10.1
2016/17	2017-W26	80+	34.4
2016/17	2017-W26	00+	7.4
2016/17	2017-W27	0-4	17.5
2016/17	2017-W27	5-14	4.1
2016/17	2017-W27	15-34	2.1
2016/17	2017-W27	35-59	2.7
2016/17	2017-W27	60-79	10.9
2016/17	2017-W27	80+	37.4
2016/17	2017-W27	00+	7.8
2016/17	2017-W28	0-4	16.6
2016/17	2017-W28	5-14	1.7
2016/17	2017-W28	15-34	1.6
2016/17	2017-W28	35-59	2.6
2016/17	2017-W28	60-79	10.0
2016/17	2017-W28	80+	32.8
2016/17	2017-W28	00+	6.9
2016/17	2017-W29	0-4	15.7
2016/17	2017-W29	5-14	2.2
2016/17	2017-W29	15-34	1.5
2016/17	2017-W29	35-59	3.3
2016/17	2017-W29	60-79	10.8
2016/17	2017-W29	80+	33.1
2016/17	2017-W29	00+	7.3
2016/17	2017-W30	0-4	15.7
2016/17	2017-W30	5-14	2.9
2016/17	2017-W30	15-34	1.4
2016/17	2017-W30	35-59	2.6
2016/17	2017-W30	60-79	9.3
2016/17	2017-W30	80+	28.2
2016/17	2017-W30	00+	6.4
2016/17	2017-W31	0-4	11.8
2016/17	2017-W31	5-14	3.6
2016/17	2017-W31	15-34	2.8
2016/17	2017-W31	35-59	2.7
2016/17	2017-W31	60-79	10.4
2016/17	2017-W31	80+	29.5
2016/17	2017-W31	00+	6.9
2016/17	2017-W32	0-4	11.8
2016/17	2017-W32	5-14	2.2
2016/17	2017-W32	15-34	1.4
2016/17	2017-W32	35-59	3.4
2016/17	2017-W32	60-79	9.8
2016/17	2017-W32	80+	29.1
2016/17	2017-W32	00+	6.6
2016/17	2017-W33	0-4	17.9
2016/17	2017-W33	5-14	4.1
2016/17	2017-W33	15-34	2.1
2016/17	2017-W33	35-59	2.9
2016/17	2017-W33	60-79	10.4
2016/17	2017-W33	80+	33.1
2016/17	2017-W33	00+	7.5
2016/17	2017-W34	0-4	19.2
2016/17	2017-W34	5-14	3.8
2016/17	2017-W34	15-34	1.3
2016/17	2017-W34	35-59	2.1
2016/17	2017-W34	60-79	11.5
2016/17	2017-W34	80+	28.8
2016/17	2017-W34	00+	7.0
2016/17	2017-W35	0-4	23.6
2016/17	2017-W35	5-14	4.1
2016/17	2017-W35	15-34	1.4
2016/17	2017-W35	35-59	2.1
2016/17	2017-W35	60-79	8.9
2016/17	2017-W35	80+	31.8
2016/17	2017-W35	00+	6.9
2016/17	2017-W36	0-4	24.9
2016/17	2017-W36	5-14	3.8
2016/17	2017-W36	15-34	2.1
2016/17	2017-W36	35-59	3.3
2016/17	2017-W36	60-79	10.1
2016/17	2017-W36	80+	29.1
2016/17	2017-W36	00+	7.6
2016/17	2017-W37	0-4	26.6
2016/17	2017-W37	5-14	6.5
2016/17	2017-W37	15-34	2.0
2016/17	2017-W37	35-59	2.9
2016/17	2017-W37	60-79	8.1
2016/17	2017-W37	80+	36.8
2016/17	2017-W37	00+	7.9
2016/17	2017-W38	0-4	27.9
2016/17	2017-W38	5-14	7.9
2016/17	2017-W38	15-34	2.0
2016/17	2017-W38	35-59	3.5
2016/17	2017-W38	60-79	10.8
2016/17	2017-W38	80+	36.4
2016/17	2017-W38	00+	8.9
2016/17	2017-W39	0-4	31.4
2016/17	2017-W39	5-14	5.5
2016/17	2017-W39	15-34	2.1
2016/17	2017-W39	35-59	3.7
2016/17	2017-W39	60-79	13.6
2016/17	2017-W39	80+	37.4
2016/17	2017-W39	00+	9.6
2017/18	2017-W40	0-4	29.2
2017/18	2017-W40	5-14	5.0
2017/18	2017-W40	15-34	1.8
2017/18	2017-W40	35-59	3.4
2017/18	2017-W40	60-79	14.8
2017/18	2017-W40	80+	40.4
2017/18	2017-W40	00+	9.8
2017/18	2017-W41	0-4	31.9
2017/18	2017-W41	5-14	4.6
2017/18	2017-W41	15-34	2.5
2017/18	2017-W41	35-59	3.8
2017/18	2017-W41	60-79	12.2
2017/18	2017-W41	80+	41.7
2017/18	2017-W41	00+	9.6
2017/18	2017-W42	0-4	36.2
2017/18	2017-W42	5-14	7.9
2017/18	2017-W42	15-34	2.5
2017/18	2017-W42	35-59	4.4
2017/18	2017-W42	60-79	13.3
2017/18	2017-W42	80+	48.4
2017/18	2017-W42	00+	11.1
2017/18	2017-W43	0-4	41.9
2017/18	2017-W43	5-14	4.8
2017/18	2017-W43	15-34	2.8
2017/18	2017-W43	35-59	4.2
2017/18	2017-W43	60-79	13.6
2017/18	2017-W43	80+	41.4
2017/18	2017-W43	00+	10.7
2017/18	2017-W44	0-4	31.0
2017/18	2017-W44	5-14	6.5
2017/18	2017-W44	15-34	1.8
2017/18	2017-W44	35-59	4.1
2017/18	2017-W44	60-79	11.3
2017/18	2017-W44	80+	39.4
2017/18	2017-W44	00+	9.4
2017/18	2017-W45	0-4	32.7
2017/18	2017-W45	5-14	5.5
2017/18	2017-W45	15-34	3.4
2017/18	2017-W45	35-59	3.9
2017/18	2017-W45	60-79	11.3
2017/18	2017-W45	80+	48.7
2017/18	2017-W45	00+	10.3
2017/18	2017-W46	0-4	45.0
2017/18	2017-W46	5-14	5.5
2017/18	2017-W46	15-34	3.2
2017/18	2017-W46	35-59	3.5
2017/18	2017-W46	60-79	11.6
2017/18	2017-W46	80+	39.7
2017/18	2017-W46	00+	10.2
2017/18	2017-W47	0-4	50.6
2017/18	2017-W47	5-14	8.4
2017/18	2017-W47	15-34	2.6
2017/18	2017-W47	35-59	5.1
2017/18	2017-W47	60-79	14.6
2017/18	2017-W47	80+	45.4
2017/18	2017-W47	00+	12.2
2017/18	2017-W48	0-4	50.6
2017/18	2017-W48	5-14	6.5
2017/18	2017-W48	15-34	2.7
2017/18	2017-W48	35-59	3.5
2017/18	2017-W48	60-79	14.5
2017/18	2017-W48	80+	44.1
2017/18	2017-W48	00+	11.4
2017/18	2017-W49	0-4	47.6
2017/18	2017-W49	5-14	6.5
2017/18	2017-W49	15-34	3.8
2017/18	2017-W49	35-59	3.7
2017/18	2017-W49	60-79	11.6
2017/18	2017-W49	80+	46.4
2017/18	2017-W49	00+	11.1
2017/18	2017-W50	0-4	62.0
2017/18	2017-W50	5-14	7.9
2017/18	2017-W50	15-34	2.3
2017/18	2017-W50	35-59	4.3
2017/18	2017-W50	60-79	16.9
2017/18	2017-W50	80+	56.6
2017/18	2017-W50	00+	13.8
2017/18	2017-W51	0-4	75.1
2017/18	2017-W51	5-14	7.0
2017/18	2017-W51	15-34	3.5
2017/18	2017-W51	35-59	4.1
2017/18	2017-W51	60-79	14.0
2017/18	2017-W51	80+	50.0
2017/18	2017-W51	00+	13.5
2017/18	2017-W52	0-4	70.3
2017/18	2017-W52	5-14	7.4
2017/18	2017-W52	15-34	2.9
2017/18	2017-W52	35-59	4.8
2017/18	2017-W52	60-79	19.1
2017/18	2017-W52	80+	69.6
2017/18	2017-W52	00+	15.9
2017/18	2018-W01	0-4	57.3
2017/18	2018-W01	5-14	6.7
2017/18	2018-W01	15-34	3.2
2017/18	2018-W01	35-59	5.5
2017/18	2018-W01	60-79	23.9
2017/18	2018-W01	80+	71.4
2017/18	2018-W01	00+	16.9
2017/18	2018-W02	0-4	56.9
2017/18	2018-W02	5-14	7.9
2017/18	2018-W02	15-34	3.2
2017/18	2018-W02	35-59	5.7
2017/18	2018-W02	60-79	20.4
2017/18	2018-W02	80+	61.3
2017/18	2018-W02	00+	15.6
2017/18	2018-W03	0-4	82.0
2017/18	2018-W03	5-14	9.0
2017/18	2018-W03	15-34	3.5
2017/18	2018-W03	35-59	6.1
2017/18	2018-W03	60-79	17.6
2017/18	2018-W03	80+	61.0
2017/18	2018-W03	00+	16.6
2017/18	2018-W04	0-4	114.6
2017/18	2018-W04	5-14	12.5
2017/18	2018-W04	15-34	4.8
2017/18	2018-W04	35-59	7.1
2017/18	2018-W04	60-79	21.1
2017/18	2018-W04	80+	78.9
2017/18	2018-W04	00+	21.4
2017/18	2018-W05	0-4	125.0
2017/18	2018-W05	5-14	12.3
2017/18	2018-W05	15-34	4.1
2017/18	2018-W05	35-59	7.0
2017/18	2018-W05	60-79	26.0
2017/18	2018-W05	80+	66.4
2017/18	2018-W05	00+	21.9
2017/18	2018-W06	0-4	107.9
2017/18	2018-W06	5-14	9.9
2017/18	2018-W06	15-34	4.4
2017/18	2018-W06	35-59	9.3
2017/18	2018-W06	60-79	28.5
2017/18	2018-W06	80+	93.4
2017/18	2018-W06	00+	24.1
2017/18	2018-W07	0-4	118.8
2017/18	2018-W07	5-14	13.4
2017/18	2018-W07	15-34	5.7
2017/18	2018-W07	35-59	11.3
2017/18	2018-W07	60-79	39.1
2017/18	2018-W07	80+	120.1
2017/18	2018-W07	00+	30.4
2017/18	2018-W08	0-4	115.4
2017/18	2018-W08	5-14	13.4
2017/18	2018-W08	15-34	4.5
2017/18	2018-W08	35-59	12.8
2017/18	2018-W08	60-79	41.8
2017/18	2018-W08	80+	142.1
2017/18	2018-W08	00+	32.7
2017/18	2018-W09	0-4	120.9
2017/18	2018-W09	5-14	17.8
2017/18	2018-W09	15-34	7.7
2017/18	2018-W09	35-59	12.7
2017/18	2018-W09	60-79	48.8
2017/18	2018-W09	80+	170.4
2017/18	2018-W09	00+	37.7
2017/18	2018-W10	0-4	127.1
2017/18	2018-W10	5-14	14.1
2017/18	2018-W10	15-34	6.2
2017/18	2018-W10	35-59	13.0
2017/18	2018-W10	60-79	57.3
2017/18	2018-W10	80+	185.8
2017/18	2018-W10	00+	40.6
2017/18	2018-W11	0-4	99.1
2017/18	2018-W11	5-14	9.5
2017/18	2018-W11	15-34	4.8
2017/18	2018-W11	35-59	12.3
2017/18	2018-W11	60-79	46.5
2017/18	2018-W11	80+	137.7
2017/18	2018-W11	00+	32.1
2017/18	2018-W12	0-4	106.6
2017/18	2018-W12	5-14	8.8
2017/18	2018-W12	15-34	3.6
2017/18	2018-W12	35-59	8.5
2017/18	2018-W12	60-79	29.4
2017/18	2018-W12	80+	111.9
2017/18	2018-W12	00+	25.1
2017/18	2018-W13	0-4	78.6
2017/18	2018-W13	5-14	7.2
2017/18	2018-W13	15-34	2.9
2017/18	2018-W13	35-59	6.2
2017/18	2018-W13	60-79	26.3
2017/18	2018-W13	80+	90.2
2017/18	2018-W13	00+	20.2
2017/18	2018-W14	0-4	67.8
2017/18	2018-W14	5-14	4.2
2017/18	2018-W14	15-34	2.2
2017/18	2018-W14	35-59	5.1
2017/18	2018-W14	60-79	21.4
2017/18	2018-W14	80+	71.4
2017/18	2018-W14	00+	16.3
2017/18	2018-W15	0-4	50.6
2017/18	2018-W15	5-14	3.0
2017/18	2018-W15	15-34	1.5
2017/18	2018-W15	35-59	3.9
2017/18	2018-W15	60-79	16.6
2017/18	2018-W15	80+	45.9
2017/18	2018-W15	00+	11.8
2017/18	2018-W16	0-4	57.3
2017/18	2018-W16	5-14	5.1
2017/18	2018-W16	15-34	2.3
2017/18	2018-W16	35-59	3.4
2017/18	2018-W16	60-79	16.2
2017/18	2018-W16	80+	50.3
2017/18	2018-W16	00+	12.6
2017/18	2018-W17	0-4	50.2
2017/18	2018-W17	5-14	3.5
2017/18	2018-W17	15-34	1.7
2017/18	2018-W17	35-59	3.8
2017/18	2018-W17	60-79	12.9
2017/18	2018-W17	80+	43.1
2017/18	2018-W17	00+	10.8
2017/18	2018-W18	0-4	35.5
2017/18	2018-W18	5-14	2.1
2017/18	2018-W18	15-34	1.9
2017/18	2018-W18	35-59	3.6
2017/18	2018-W18	60-79	11.6
2017/18	2018-W18	80+	39.9
2017/18	2018-W18	00+	9.3
2017/18	2018-W19	0-4	25.1
2017/18	2018-W19	5-14	2.3
2017/18	2018-W19	15-34	2.1
2017/18	2018-W19	35-59	3.1
2017/18	2018-W19	60-79	11.1
2017/18	2018-W19	80+	42.5
2017/18	2018-W19	00+	8.7
2017/18	2018-W20	0-4	29.7
2017/18	2018-W20	5-14	2.8
2017/18	2018-W20	15-34	1.5
2017/18	2018-W20	35-59	2.1
2017/18	2018-W20	60-79	11.8
2017/18	2018-W20	80+	40.6
2017/18	2018-W20	00+	8.6
2017/18	2018-W21	0-4	25.9
2017/18	2018-W21	5-14	2.1
2017/18	2018-W21	15-34	1.5
2017/18	2018-W21	35-59	2.9
2017/18	2018-W21	60-79	11.5
2017/18	2018-W21	80+	37.7
2017/18	2018-W21	00+	8.3
2017/18	2018-W22	0-4	23.8
2017/18	2018-W22	5-14	3.5
2017/18	2018-W22	15-34	1.4
2017/18	2018-W22	35-59	3.1
2017/18	2018-W22	60-79	11.1
2017/18	2018-W22	80+	35.8
2017/18	2018-W22	00+	8.1
2017/18	2018-W23	0-4	18.8
2017/18	2018-W23	5-14	3.0
2017/18	2018-W23	15-34	1.8
2017/18	2018-W23	35-59	3.5
2017/18	2018-W23	60-79	11.5
2017/18	2018-W23	80+	37.4
2017/18	2018-W23	00+	8.2
2017/18	2018-W24	0-4	19.2
2017/18	2018-W24	5-14	3.0
2017/18	2018-W24	15-34	1.5
2017/18	2018-W24	35-59	2.3
2017/18	2018-W24	60-79	9.5
2017/18	2018-W24	80+	34.0
2017/18	2018-W24	00+	7.1
2017/18	2018-W25	0-4	18.0
2017/18	2018-W25	5-14	2.1
2017/18	2018-W25	15-34	1.6
2017/18	2018-W25	35-59	3.5
2017/18	2018-W25	60-79	10.3
2017/18	2018-W25	80+	28.0
2017/18	2018-W25	00+	7.1
2017/18	2018-W26	0-4	16.3
2017/18	2018-W26	5-14	3.5
2017/18	2018-W26	15-34	1.3
2017/18	2018-W26	35-59	2.4
2017/18	2018-W26	60-79	10.8
2017/18	2018-W26	80+	32.4
2017/18	2018-W26	00+	7.1
2017/18	2018-W27	0-4	26.8
2017/18	2018-W27	5-14	1.2
2017/18	2018-W27	15-34	1.2
2017/18	2018-W27	35-59	2.4
2017/18	2018-W27	60-79	8.9
2017/18	2018-W27	80+	30.8
2017/18	2018-W27	00+	6.9
2017/18	2018-W28	0-4	15.9
2017/18	2018-W28	5-14	3.2
2017/18	2018-W28	15-34	1.1
2017/18	2018-W28	35-59	3.1
2017/18	2018-W28	60-79	9.6
2017/18	2018-W28	80+	35.8
2017/18	2018-W28	00+	7.3
2017/18	2018-W29	0-4	19.2
2017/18	2018-W29	5-14	1.2
2017/18	2018-W29	15-34	1.2
2017/18	2018-W29	35-59	2.6
2017/18	2018-W29	60-79	8.5
2017/18	2018-W29	80+	30.5
2017/18	2018-W29	00+	6.4
2017/18	2018-W30	0-4	14.2
2017/18	2018-W30	5-14	2.5
2017/18	2018-W30	15-34	1.1
2017/18	2018-W30	35-59	3.3
2017/18	2018-W30	60-79	10.1
2017/18	2018-W30	80+	33.6
2017/18	2018-W30	00+	7.1
2017/18	2018-W31	0-4	7.9
2017/18	2018-W31	5-14	1.2
2017/18	2018-W31	15-34	1.5
2017/18	2018-W31	35-59	2.4
2017/18	2018-W31	60-79	9.6
2017/18	2018-W31	80+	35.8
2017/18	2018-W31	00+	6.5
2017/18	2018-W32	0-4	6.7
2017/18	2018-W32	5-14	1.2
2017/18	2018-W32	15-34	1.7
2017/18	2018-W32	35-59	2.8
2017/18	2018-W32	60-79	9.4
2017/18	2018-W32	80+	34.3
2017/18	2018-W32	00+	6.4
2017/18	2018-W33	0-4	5.9
2017/18	2018-W33	5-14	1.4
2017/18	2018-W33	15-34	0.5
2017/18	2018-W33	35-59	2.2
2017/18	2018-W33	60-79	8.3
2017/18	2018-W33	80+	28.6
2017/18	2018-W33	00+	5.3
2017/18	2018-W34	0-4	13.0
2017/18	2018-W34	5-14	2.8
2017/18	2018-W34	15-34	1.0
2017/18	2018-W34	35-59	2.2
2017/18	2018-W34	60-79	10.4
2017/18	2018-W34	80+	32.4
2017/18	2018-W34	00+	6.6
2017/18	2018-W35	0-4	17.1
2017/18	2018-W35	5-14	3.7
2017/18	2018-W35	15-34	1.5
2017/18	2018-W35	35-59	2.6
2017/18	2018-W35	60-79	8.9
2017/18	2018-W35	80+	28.9
2017/18	2018-W35	00+	6.6
2017/18	2018-W36	0-4	30.5
2017/18	2018-W36	5-14	4.2
2017/18	2018-W36	15-34	1.9
2017/18	2018-W36	35-59	3.0
2017/18	2018-W36	60-79	8.3
2017/18	2018-W36	80+	30.5
2017/18	2018-W36	00+	7.6
2017/18	2018-W37	0-4	32.2
2017/18	2018-W37	5-14	4.2
2017/18	2018-W37	15-34	1.9
2017/18	2018-W37	35-59	2.5
2017/18	2018-W37	60-79	8.7
2017/18	2018-W37	80+	36.8
2017/18	2018-W37	00+	8.0
2017/18	2018-W38	0-4	30.1
2017/18	2018-W38	5-14	3.2
2017/18	2018-W38	15-34	1.7
2017/18	2018-W38	35-59	3.5
2017/18	2018-W38	60-79	10.2
2017/18	2018-W38	80+	30.5
2017/18	2018-W38	00+	8.0
2017/18	2018-W39	0-4	33.5
2017/18	2018-W39	5-14	3.5
2017/18	2018-W39	15-34	1.8
2017/18	2018-W39	35-59	2.4
2017/18	2018-W39	60-79	11.5
2017/18	2018-W39	80+	32.1
2017/18	2018-W39	00+	8.3
2018/19	2018-W40	0-4	28.0
2018/19	2018-W40	5-14	3.2
2018/19	2018-W40	15-34	2.2
2018/19	2018-W40	35-59	3.5
2018/19	2018-W40	60-79	11.8
2018/19	2018-W40	80+	34.6
2018/19	2018-W40	00+	8.7
2018/19	2018-W41	0-4	24.3
2018/19	2018-W41	5-14	1.9
2018/19	2018-W41	15-34	1.9
2018/19	2018-W41	35-59	2.8
2018/19	2018-W41	60-79	9.8
2018/19	2018-W41	80+	30.8
2018/19	2018-W41	00+	7.3
2018/19	2018-W42	0-4	28.0
2018/19	2018-W42	5-14	2.8
2018/19	2018-W42	15-34	1.7
2018/19	2018-W42	35-59	2.7
2018/19	2018-W42	60-79	11.7
2018/19	2018-W42	80+	38.0
2018/19	2018-W42	00+	8.5
2018/19	2018-W43	0-4	32.6
2018/19	2018-W43	5-14	3.0
2018/19	2018-W43	15-34	1.6
2018/19	2018-W43	35-59	2.8
2018/19	2018-W43	60-79	11.2
2018/19	2018-W43	80+	42.8
2018/19	2018-W43	00+	9.0
2018/19	2018-W44	0-4	33.0
2018/19	2018-W44	5-14	4.4
2018/19	2018-W44	15-34	1.7
2018/19	2018-W44	35-59	3.0
2018/19	2018-W44	60-79	13.0
2018/19	2018-W44	80+	39.0
2018/19	2018-W44	00+	9.4
2018/19	2018-W45	0-4	32.2
2018/19	2018-W45	5-14	3.5
2018/19	2018-W45	15-34	2.6
2018/19	2018-W45	35-59	3.7
2018/19	2018-W45	60-79	12.9
2018/19	2018-W45	80+	42.5
2018/19	2018-W45	00+	9.9
2018/19	2018-W46	0-4	24.7
2018/19	2018-W46	5-14	3.2
2018/19	2018-W46	15-34	2.1
2018/19	2018-W46	35-59	2.9
2018/19	2018-W46	60-79	14.1
2018/19	2018-W46	80+	39.9
2018/19	2018-W46	00+	9.2
2018/19	2018-W47	0-4	36.4
2018/19	2018-W47	5-14	3.9
2018/19	2018-W47	15-34	1.3
2018/19	2018-W47	35-59	3.6
2018/19	2018-W47	60-79	12.6
2018/19	2018-W47	80+	37.7
2018/19	2018-W47	00+	9.5
2018/19	2018-W48	0-4	48.9
2018/19	2018-W48	5-14	4.9
2018/19	2018-W48	15-34	2.5
2018/19	2018-W48	35-59	3.1
2018/19	2018-W48	60-79	12.3
2018/19	2018-W48	80+	42.1
2018/19	2018-W48	00+	10.5
2018/19	2018-W49	0-4	57.7
2018/19	2018-W49	5-14	3.9
2018/19	2018-W49	15-34	2.5
2018/19	2018-W49	35-59	3.9
2018/19	2018-W49	60-79	15.1
2018/19	2018-W49	80+	44.3
2018/19	2018-W49	00+	12.0
2018/19	2018-W50	0-4	52.3
2018/19	2018-W50	5-14	5.1
2018/19	2018-W50	15-34	1.7
2018/19	2018-W50	35-59	3.4
2018/19	2018-W50	60-79	12.7
2018/19	2018-W50	80+	50.3
2018/19	2018-W50	00+	11.4
2018/19	2018-W51	0-4	82.0
2018/19	2018-W51	5-14	4.9
2018/19	2018-W51	15-34	2.8
2018/19	2018-W51	35-59	4.2
2018/19	2018-W51	60-79	16.7
2018/19	2018-W51	80+	54.7
2018/19	2018-W51	00+	14.7
2018/19	2018-W52	0-4	92.4
2018/19	2018-W52	5-14	3.0
2018/19	2018-W52	15-34	2.8
2018/19	2018-W52	35-59	4.8
2018/19	2018-W52	60-79	17.3
2018/19	2018-W52	80+	56.9
2018/19	2018-W52	00+	15.6
2018/19	2019-W01	0-4	82.0
2018/19	2019-W01	5-14	3.7
2018/19	2019-W01	15-34	2.5
2018/19	2019-W01	35-59	4.2
2018/19	2019-W01	60-79	20.3
2018/19	2019-W01	80+	69.0
2018/19	2019-W01	00+	16.7
2018/19	2019-W02	0-4	89.5
2018/19	2019-W02	5-14	2.8
2018/19	2019-W02	15-34	3.0
2018/19	2019-W02	35-59	3.5
2018/19	2019-W02	60-79	17.2
2018/19	2019-W02	80+	61.9
2018/19	2019-W02	00+	15.6
2018/19	2019-W03	0-4	102.4
2018/19	2019-W03	5-14	2.8
2018/19	2019-W03	15-34	2.0
2018/19	2019-W03	35-59	4.6
2018/19	2019-W03	60-79	16.8
2018/19	2019-W03	80+	54.4
2018/19	2019-W03	00+	15.8
2018/19	2019-W04	0-4	125.7
2018/19	2019-W04	5-14	6.9
2018/19	2019-W04	15-34	2.0
2018/19	2019-W04	35-59	5.6
2018/19	2019-W04	60-79	15.9
2018/19	2019-W04	80+	59.2
2018/19	2019-W04	00+	17.9
2018/19	2019-W05	0-4	153.2
2018/19	2019-W05	5-14	7.1
2018/19	2019-W05	15-34	3.5
2018/19	2019-W05	35-59	7.2
2018/19	2019-W05	60-79	23.1
2018/19	2019-W05	80+	68.7
2018/19	2019-W05	00+	22.6
2018/19	2019-W06	0-4	165.7
2018/19	2019-W06	5-14	10.6
2018/19	2019-W06	15-34	4.0
2018/19	2019-W06	35-59	9.3
2018/19	2019-W06	60-79	26.9
2018/19	2019-W06	80+	80.9
2018/19	2019-W06	00+	26.3
2018/19	2019-W07	0-4	154.9
2018/19	2019-W07	5-14	12.0
2018/19	2019-W07	15-34	4.5
2018/19	2019-W07	35-59	8.9
2018/19	2019-W07	60-79	27.2
2018/19	2019-W07	80+	89.0
2018/19	2019-W07	00+	26.5
2018/19	2019-W08	0-4	148.6
2018/19	2019-W08	5-14	11.5
2018/19	2019-W08	15-34	4.9
2018/19	2019-W08	35-59	8.6
2018/19	2019-W08	60-79	33.7
2018/19	2019-W08	80+	96.1
2018/19	2019-W08	00+	28.1
2018/19	2019-W09	0-4	109.9
2018/19	2019-W09	5-14	10.8
2018/19	2019-W09	15-34	2.9
2018/19	2019-W09	35-59	7.6
2018/19	2019-W09	60-79	31.5
2018/19	2019-W09	80+	92.5
2018/19	2019-W09	00+	24.5
2018/19	2019-W10	0-4	89.9
2018/19	2019-W10	5-14	8.5
2018/19	2019-W10	15-34	4.9
2018/19	2019-W10	35-59	7.8
2018/19	2019-W10	60-79	29.4
2018/19	2019-W10	80+	100.6
2018/19	2019-W10	00+	23.7
2018/19	2019-W11	0-4	81.6
2018/19	2019-W11	5-14	7.4
2018/19	2019-W11	15-34	3.5
2018/19	2019-W11	35-59	7.2
2018/19	2019-W11	60-79	28.9
2018/19	2019-W11	80+	86.3
2018/19	2019-W11	00+	21.5
2018/19	2019-W12	0-4	81.2
2018/19	2019-W12	5-14	8.3
2018/19	2019-W12	15-34	2.8
2018/19	2019-W12	35-59	6.0
2018/19	2019-W12	60-79	26.3
2018/19	2019-W12	80+	72.3
2018/19	2019-W12	00+	19.4
2018/19	2019-W13	0-4	68.7
2018/19	2019-W13	5-14	5.3
2018/19	2019-W13	15-34	2.4
2018/19	2019-W13	35-59	5.2
2018/19	2019-W13	60-79	20.3
2018/19	2019-W13	80+	73.5
2018/19	2019-W13	00+	16.7
2018/19	2019-W14	0-4	58.7
2018/19	2019-W14	5-14	6.2
2018/19	2019-W14	15-34	2.0
2018/19	2019-W14	35-59	6.0
2018/19	2019-W14	60-79	17.9
2018/19	2019-W14	80+	57.7
2018/19	2019-W14	00+	14.7
2018/19	2019-W15	0-4	52.9
2018/19	2019-W15	5-14	4.6
2018/19	2019-W15	15-34	2.2
2018/19	2019-W15	35-59	3.6
2018/19	2019-W15	60-79	17.7
2018/19	2019-W15	80+	54.4
2018/19	2019-W15	00+	13.2
2018/19	2019-W16	0-4	43.7
2018/19	2019-W16	5-14	2.8
2018/19	2019-W16	15-34	2.0
2018/19	2019-W16	35-59	3.5
2018/19	2019-W16	60-79	15.4
2018/19	2019-W16	80+	60.7
2018/19	2019-W16	00+	12.4
2018/19	2019-W17	0-4	38.3
2018/19	2019-W17	5-14	2.5
2018/19	2019-W17	15-34	2.0
2018/19	2019-W17	35-59	3.7
2018/19	2019-W17	60-79	15.8
2018/19	2019-W17	80+	52.1
2018/19	2019-W17	00+	11.6
2018/19	2019-W18	0-4	24.6
2018/19	2019-W18	5-14	2.5
2018/19	2019-W18	15-34	1.5
2018/19	2019-W18	35-59	3.2
2018/19	2019-W18	60-79	12.8
2018/19	2019-W18	80+	44.0
2018/19	2019-W18	00+	9.3
2018/19	2019-W19	0-4	39.1
2018/19	2019-W19	5-14	2.8
2018/19	2019-W19	15-34	1.1
2018/19	2019-W19	35-59	3.2
2018/19	2019-W19	60-79	13.7
2018/19	2019-W19	80+	41.7
2018/19	2019-W19	00+	10.0
2018/19	2019-W20	0-4	32.5
2018/19	2019-W20	5-14	2.5
2018/19	2019-W20	15-34	1.4
2018/19	2019-W20	35-59	3.4
2018/19	2019-W20	60-79	10.9
2018/19	2019-W20	80+	38.1
2018/19	2019-W20	00+	8.8
2018/19	2019-W21	0-4	26.2
2018/19	2019-W21	5-14	5.1
2018/19	2019-W21	15-34	2.7
2018/19	2019-W21	35-59	3.8
2018/19	2019-W21	60-79	12.2
2018/19	2019-W21	80+	39.6
2018/19	2019-W21	00+	9.6
2018/19	2019-W22	0-4	27.1
2018/19	2019-W22	5-14	2.1
2018/19	2019-W22	15-34	1.6
2018/19	2019-W22	35-59	3.5
2018/19	2019-W22	60-79	11.4
2018/19	2019-W22	80+	36.9
2018/19	2019-W22	00+	8.6
2018/19	2019-W23	0-4	30.8
2018/19	2019-W23	5-14	3.2
2018/19	2019-W23	15-34	1.7
2018/19	2019-W23	35-59	3.9
2018/19	2019-W23	60-79	12.6
2018/19	2019-W23	80+	41.7
2018/19	2019-W23	00+	9.7
2018/19	2019-W24	0-4	20.8
2018/19	2019-W24	5-14	2.3
2018/19	2019-W24	15-34	2.4
2018/19	2019-W24	35-59	2.9
2018/19	2019-W24	60-79	12.9
2018/19	2019-W24	80+	41.1
2018/19	2019-W24	00+	8.9
2018/19	2019-W25	0-4	23.7
2018/19	2019-W25	5-14	0.7
2018/19	2019-W25	15-34	1.0
2018/19	2019-W25	35-59	3.1
2018/19	2019-W25	60-79	13.0
2018/19	2019-W25	80+	33.6
2018/19	2019-W25	00+	8.1
2018/19	2019-W26	0-4	15.4
2018/19	2019-W26	5-14	2.5
2018/19	2019-W26	15-34	1.4
2018/19	2019-W26	35-59	3.4
2018/19	2019-W26	60-79	9.7
2018/19	2019-W26	80+	40.5
2018/19	2019-W26	00+	7.8
2018/19	2019-W27	0-4	15.4
2018/19	2019-W27	5-14	2.1
2018/19	2019-W27	15-34	1.8
2018/19	2019-W27	35-59	3.1
2018/19	2019-W27	60-79	10.4
2018/19	2019-W27	80+	31.2
2018/19	2019-W27	00+	7.2
2018/19	2019-W28	0-4	15.0
2018/19	2019-W28	5-14	1.6
2018/19	2019-W28	15-34	1.3
2018/19	2019-W28	35-59	2.9
2018/19	2019-W28	60-79	11.7
2018/19	2019-W28	80+	28.9
2018/19	2019-W28	00+	7.1
2018/19	2019-W29	0-4	17.9
2018/19	2019-W29	5-14	0.9
2018/19	2019-W29	15-34	1.4
2018/19	2019-W29	35-59	2.6
2018/19	2019-W29	60-79	10.7
2018/19	2019-W29	80+	29.2
2018/19	2019-W29	00+	6.9
2018/19	2019-W30	0-4	10.8
2018/19	2019-W30	5-14	1.8
2018/19	2019-W30	15-34	1.8
2018/19	2019-W30	35-59	2.4
2018/19	2019-W30	60-79	13.2
2018/19	2019-W30	80+	36.9
2018/19	2019-W30	00+	7.8
2018/19	2019-W31	0-4	10.0
2018/19	2019-W31	5-14	2.1
2018/19	2019-W31	15-34	1.6
2018/19	2019-W31	35-59	2.0
2018/19	2019-W31	60-79	9.9
2018/19	2019-W31	80+	31.8
2018/19	2019-W31	00+	6.5
2018/19	2019-W32	0-4	11.2
2018/19	2019-W32	5-14	1.2
2018/19	2019-W32	15-34	1.4
2018/19	2019-W32	35-59	2.4
2018/19	2019-W32	60-79	8.6
2018/19	2019-W32	80+	33.6
2018/19	2019-W32	00+	6.4
2018/19	2019-W33	0-4	11.2
2018/19	2019-W33	5-14	1.2
2018/19	2019-W33	15-34	1.7
2018/19	2019-W33	35-59	2.2
2018/19	2019-W33	60-79	9.4
2018/19	2019-W33	80+	28.0
2018/19	2019-W33	00+	6.1
2018/19	2019-W34	0-4	15.4
2018/19	2019-W34	5-14	2.8
2018/19	2019-W34	15-34	1.7
2018/19	2019-W34	35-59	2.5
2018/19	2019-W34	60-79	8.1
2018/19	2019-W34	80+	36.3
2018/19	2019-W34	00+	6.9
2018/19	2019-W35	0-4	16.2
2018/19	2019-W35	5-14	2.8
2018/19	2019-W35	15-34	1.3
2018/19	2019-W35	35-59	2.9
2018/19	2019-W35	60-79	9.7
2018/19	2019-W35	80+	26.2
2018/19	2019-W35	00+	6.6
2018/19	2019-W36	0-4	18.7
2018/19	2019-W36	5-14	2.3
2018/19	2019-W36	15-34	1.2
2018/19	2019-W36	35-59	2.4
2018/19	2019-W36	60-79	8.9
2018/19	2019-W36	80+	28.0
2018/19	2019-W36	00+	6.5
2018/19	2019-W37	0-4	27.5
2018/19	2019-W37	5-14	4.8
2018/19	2019-W37	15-34	1.2
2018/19	2019-W37	35-59	2.2
2018/19	2019-W37	60-79	10.6
2018/19	2019-W37	80+	27.4
2018/19	2019-W37	00+	7.5
2018/19	2019-W38	0-4	26.2
2018/19	2019-W38	5-14	3.9
2018/19	2019-W38	15-34	0.6
2018/19	2019-W38	35-59	3.2
2018/19	2019-W38	60-79	9.9
2018/19	2019-W38	80+	30.9
2018/19	2019-W38	00+	7.6
2018/19	2019-W39	0-4	27.9
2018/19	2019-W39	5-14	5.1
2018/19	2019-W39	15-34	2.3
2018/19	2019-W39	35-59	3.4
2018/19	2019-W39	60-79	11.5
2018/19	2019-W39	80+	33.9
2018/19	2019-W39	00+	8.8
2019/20	2019-W40	0-4	28.3
2019/20	2019-W40	5-14	3.5
2019/20	2019-W40	15-34	1.6
2019/20	2019-W40	35-59	2.9
2019/20	2019-W40	60-79	12.4
2019/20	2019-W40	80+	37.5
2019/20	2019-W40	00+	8.9
2019/20	2019-W41	0-4	30.8
2019/20	2019-W41	5-14	3.9
2019/20	2019-W41	15-34	2.4
2019/20	2019-W41	35-59	3.7
2019/20	2019-W41	60-79	14.4
2019/20	2019-W41	80+	43.4
2019/20	2019-W41	00+	10.4
2019/20	2019-W42	0-4	36.6
2019/20	2019-W42	5-14	1.6
2019/20	2019-W42	15-34	2.3
2019/20	2019-W42	35-59	4.2
2019/20	2019-W42	60-79	12.7
2019/20	2019-W42	80+	46.4
2019/20	2019-W42	00+	10.5
2019/20	2019-W43	0-4	38.3
2019/20	2019-W43	5-14	4.6
2019/20	2019-W43	15-34	1.8
2019/20	2019-W43	35-59	3.4
2019/20	2019-W43	60-79	12.1
2019/20	2019-W43	80+	45.2
2019/20	2019-W43	00+	10.3
2019/20	2019-W44	0-4	39.5
2019/20	2019-W44	5-14	4.8
2019/20	2019-W44	15-34	2.6
2019/20	2019-W44	35-59	3.1
2019/20	2019-W44	60-79	12.1
2019/20	2019-W44	80+	39.3
2019/20	2019-W44	00+	10.0
2019/20	2019-W45	0-4	35.0
2019/20	2019-W45	5-14	7.1
2019/20	2019-W45	15-34	2.8
2019/20	2019-W45	35-59	3.9
2019/20	2019-W45	60-79	13.7
2019/20	2019-W45	80+	46.1
2019/20	2019-W45	00+	11.1
2019/20	2019-W46	0-4	46.2
2019/20	2019-W46	5-14	5.5
2019/20	2019-W46	15-34	3.1
2019/20	2019-W46	35-59	3.2
2019/20	2019-W46	60-79	13.4
2019/20	2019-W46	80+	44.3
2019/20	2019-W46	00+	11.2
2019/20	2019-W47	0-4	49.1
2019/20	2019-W47	5-14	4.8
2019/20	2019-W47	15-34	2.6
2019/20	2019-W47	35-59	3.0
2019/20	2019-W47	60-79	12.5
2019/20	2019-W47	80+	47.6
2019/20	2019-W47	00+	11.2
2019/20	2019-W48	0-4	47.5
2019/20	2019-W48	5-14	5.3
2019/20	2019-W48	15-34	2.0
2019/20	2019-W48	35-59	4.3
2019/20	2019-W48	60-79	13.8
2019/20	2019-W48	80+	44.6
2019/20	2019-W48	00+	11.5
2019/20	2019-W49	0-4	48.7
2019/20	2019-W49	5-14	4.8
2019/20	2019-W49	15-34	2.7
2019/20	2019-W49	35-59	4.5
2019/20	2019-W49	60-79	11.5
2019/20	2019-W49	80+	57.1
2019/20	2019-W49	00+	12.2
2019/20	2019-W50	0-4	58.3
2019/20	2019-W50	5-14	3.5
2019/20	2019-W50	15-34	3.1
2019/20	2019-W50	35-59	4.0
2019/20	2019-W50	60-79	16.3
2019/20	2019-W50	80+	56.8
2019/20	2019-W50	00+	13.6
2019/20	2019-W51	0-4	75.4
2019/20	2019-W51	5-14	7.1
2019/20	2019-W51	15-34	2.3
2019/20	2019-W51	35-59	4.9
2019/20	2019-W51	60-79	17.4
2019/20	2019-W51	80+	55.0
2019/20	2019-W51	00+	15.1
2019/20	2019-W52	0-4	76.6
2019/20	2019-W52	5-14	7.1
2019/20	2019-W52	15-34	2.5
2019/20	2019-W52	35-59	3.9
2019/20	2019-W52	60-79	18.8
2019/20	2019-W52	80+	58.3
2019/20	2019-W52	00+	15.4
2019/20	2020-W01	0-4	59.7
2019/20	2020-W01	5-14	5.3
2019/20	2020-W01	15-34	3.8
2019/20	2020-W01	35-59	5.7
2019/20	2020-W01	60-79	20.4
2019/20	2020-W01	80+	68.7
2019/20	2020-W01	00+	16.7
2019/20	2020-W02	0-4	59.3
2019/20	2020-W02	5-14	3.6
2019/20	2020-W02	15-34	3.9
2019/20	2020-W02	35-59	7.3
2019/20	2020-W02	60-79	21.5
2019/20	2020-W02	80+	65.3
2019/20	2020-W02	00+	17.1
2019/20	2020-W03	0-4	87.9
2019/20	2020-W03	5-14	4.3
2019/20	2020-W03	15-34	3.0
2019/20	2020-W03	35-59	6.0
2019/20	2020-W03	60-79	18.1
2019/20	2020-W03	80+	60.2
2019/20	2020-W03	00+	16.9
2019/20	2020-W04	0-4	93.0
2019/20	2020-W04	5-14	11.7
2019/20	2020-W04	15-34	5.9
2019/20	2020-W04	35-59	5.4
2019/20	2020-W04	60-79	19.4
2019/20	2020-W04	80+	63.0
2019/20	2020-W04	00+	18.8
2019/20	2020-W05	0-4	116.1
2019/20	2020-W05	5-14	15.1
2019/20	2020-W05	15-34	5.0
2019/20	2020-W05	35-59	7.3
2019/20	2020-W05	60-79	22.9
2019/20	2020-W05	80+	77.2
2019/20	2020-W05	00+	22.7
2019/20	2020-W06	0-4	133.1
2019/20	2020-W06	5-14	17.3
2019/20	2020-W06	15-34	5.6
2019/20	2020-W06	35-59	8.4
2019/20	2020-W06	60-79	23.0
2019/20	2020-W06	80+	66.2
2019/20	2020-W06	00+	23.5
2019/20	2020-W07	0-4	127.2
2019/20	2020-W07	5-14	12.5
2019/20	2020-W07	15-34	5.0
2019/20	2020-W07	35-59	8.0
2019/20	2020-W07	60-79	23.7
2019/20	2020-W07	80+	70.7
2019/20	2020-W07	00+	23.0
2019/20	2020-W08	0-4	116.1
2019/20	2020-W08	5-14	14.4
2019/20	2020-W08	15-34	5.9
2019/20	2020-W08	35-59	8.9
2019/20	2020-W08	60-79	26.1
2019/20	2020-W08	80+	84.9
2019/20	2020-W08	00+	24.8
2019/20	2020-W09	0-4	123.8
2019/20	2020-W09	5-14	15.3
2019/20	2020-W09	15-34	6.2
2019/20	2020-W09	35-59	9.3
2019/20	2020-W09	60-79	26.3
2019/20	2020-W09	80+	81.5
2019/20	2020-W09	00+	25.2
2019/20	2020-W10	0-4	133.1
2019/20	2020-W10	5-14	12.9
2019/20	2020-W10	15-34	6.1
2019/20	2020-W10	35-59	9.5
2019/20	2020-W10	60-79	25.2
2019/20	2020-W10	80+	80.4
2019/20	2020-W10	00+	25.2
2019/20	2020-W11	0-4	107.5
2019/20	2020-W11	5-14	9.6
2019/20	2020-W11	15-34	5.3
2019/20	2020-W11	35-59	7.9
2019/20	2020-W11	60-79	26.1
2019/20	2020-W11	80+	84.9
2019/20	2020-W11	00+	23.4
2019/20	2020-W12	0-4	59.3
2019/20	2020-W12	5-14	5.8
2019/20	2020-W12	15-34	4.9
2019/20	2020-W12	35-59	7.7
2019/20	2020-W12	60-79	24.3
2019/20	2020-W12	80+	58.5
2019/20	2020-W12	00+	17.8
2019/20	2020-W13	0-4	30.7
2019/20	2020-W13	5-14	3.1
2019/20	2020-W13	15-34	2.6
2019/20	2020-W13	35-59	9.8
2019/20	2020-W13	60-79	26.0
2019/20	2020-W13	80+	64.7
2019/20	2020-W13	00+	17.1
2019/20	2020-W14	0-4	8.5
2019/20	2020-W14	5-14	1.0
2019/20	2020-W14	15-34	3.3
2019/20	2020-W14	35-59	8.5
2019/20	2020-W14	60-79	23.0
2019/20	2020-W14	80+	54.2
2019/20	2020-W14	00+	13.8
2019/20	2020-W15	0-4	9.0
2019/20	2020-W15	5-14	1.2
2019/20	2020-W15	15-34	2.1
2019/20	2020-W15	35-59	5.6
2019/20	2020-W15	60-79	17.4
2019/20	2020-W15	80+	53.1
2019/20	2020-W15	00+	11.3
2019/20	2020-W16	0-4	0.9
2019/20	2020-W16	5-14	1.4
2019/20	2020-W16	15-34	2.6
2019/20	2020-W16	35-59	4.8
2019/20	2020-W16	60-79	16.1
2019/20	2020-W16	80+	39.2
2019/20	2020-W16	00+	9.3
2019/20	2020-W17	0-4	2.6
2019/20	2020-W17	5-14	1.0
2019/20	2020-W17	15-34	2.1
2019/20	2020-W17	35-59	4.5
2019/20	2020-W17	60-79	11.6
2019/20	2020-W17	80+	38.6
2019/20	2020-W17	00+	8.0
2019/20	2020-W18	0-4	4.3
2019/20	2020-W18	5-14	1.0
2019/20	2020-W18	15-34	1.7
2019/20	2020-W18	35-59	3.1
2019/20	2020-W18	60-79	11.6
2019/20	2020-W18	80+	31.0
2019/20	2020-W18	00+	6.9
2019/20	2020-W19	0-4	1.3
2019/20	2020-W19	5-14	0.7
2019/20	2020-W19	15-34	1.6
2019/20	2020-W19	35-59	3.5
2019/20	2020-W19	60-79	10.8
2019/20	2020-W19	80+	28.7
2019/20	2020-W19	00+	6.5
2019/20	2020-W20	0-4	1.3
2019/20	2020-W20	5-14	0.7
2019/20	2020-W20	15-34	0.8
2019/20	2020-W20	35-59	3.5
2019/20	2020-W20	60-79	9.3
2019/20	2020-W20	80+	30.4
2019/20	2020-W20	00+	6.1
2019/20	2020-W21	0-4	1.3
2019/20	2020-W21	5-14	0.7
2019/20	2020-W21	15-34	0.8
2019/20	2020-W21	35-59	2.4
2019/20	2020-W21	60-79	8.9
2019/20	2020-W21	80+	27.3
2019/20	2020-W21	00+	5.4
2019/20	2020-W22	0-4	3.0
2019/20	2020-W22	5-14	0.2
2019/20	2020-W22	15-34	1.0
2019/20	2020-W22	35-59	2.2
2019/20	2020-W22	60-79	8.0
2019/20	2020-W22	80+	24.7
2019/20	2020-W22	00+	5.0
2019/20	2020-W23	0-4	4.3
2019/20	2020-W23	5-14	0.5
2019/20	2020-W23	15-34	0.4
2019/20	2020-W23	35-59	2.0
2019/20	2020-W23	60-79	8.8
2019/20	2020-W23	80+	19.9
2019/20	2020-W23	00+	4.7
2019/20	2020-W24	0-4	2.6
2019/20	2020-W24	5-14	0.5
2019/20	2020-W24	15-34	1.3
2019/20	2020-W24	35-59	2.8
2019/20	2020-W24	60-79	9.0
2019/20	2020-W24	80+	30.1
2019/20	2020-W24	00+	5.9
2019/20	2020-W25	0-4	6.4
2019/20	2020-W25	5-14	0.7
2019/20	2020-W25	15-34	1.2
2019/20	2020-W25	35-59	2.4
2019/20	2020-W25	60-79	7.5
2019/20	2020-W25	80+	21.3
2019/20	2020-W25	00+	5.0
2019/20	2020-W26	0-4	11.1
2019/20	2020-W26	5-14	0.5
2019/20	2020-W26	15-34	0.8
2019/20	2020-W26	35-59	2.4
2019/20	2020-W26	60-79	7.0
2019/20	2020-W26	80+	22.1
2019/20	2020-W26	00+	5.0
2019/20	2020-W27	0-4	14.5
2019/20	2020-W27	5-14	1.9
2019/20	2020-W27	15-34	0.8
2019/20	2020-W27	35-59	2.5
2019/20	2020-W27	60-79	8.1
2019/20	2020-W27	80+	23.3
2019/20	2020-W27	00+	5.8
2019/20	2020-W28	0-4	21.8
2019/20	2020-W28	5-14	1.4
2019/20	2020-W28	15-34	1.0
2019/20	2020-W28	35-59	2.3
2019/20	2020-W28	60-79	7.6
2019/20	2020-W28	80+	23.0
2019/20	2020-W28	00+	5.9
2019/20	2020-W29	0-4	25.2
2019/20	2020-W29	5-14	4.1
2019/20	2020-W29	15-34	1.6
2019/20	2020-W29	35-59	2.7
2019/20	2020-W29	60-79	7.2
2019/20	2020-W29	80+	20.7
2019/20	2020-W29	00+	6.3
2019/20	2020-W30	0-4	17.5
2019/20	2020-W30	5-14	1.7
2019/20	2020-W30	15-34	1.3
2019/20	2020-W30	35-59	2.0
2019/20	2020-W30	60-79	8.6
2019/20	2020-W30	80+	27.5
2019/20	2020-W30	00+	6.3
2019/20	2020-W31	0-4	20.5
2019/20	2020-W31	5-14	1.9
2019/20	2020-W31	15-34	1.0
2019/20	2020-W31	35-59	3.1
2019/20	2020-W31	60-79	10.1
2019/20	2020-W31	80+	29.0
2019/20	2020-W31	00+	7.2
2019/20	2020-W32	0-4	15.4
2019/20	2020-W32	5-14	1.9
2019/20	2020-W32	15-34	1.2
2019/20	2020-W32	35-59	2.7
2019/20	2020-W32	60-79	7.6
2019/20	2020-W32	80+	26.4
2019/20	2020-W32	00+	6.1
2019/20	2020-W33	0-4	20.1
2019/20	2020-W33	5-14	2.2
2019/20	2020-W33	15-34	1.8
2019/20	2020-W33	35-59	2.5
2019/20	2020-W33	60-79	10.3
2019/20	2020-W33	80+	30.7
2019/20	2020-W33	00+	7.4
2019/20	2020-W34	0-4	23.9
2019/20	2020-W34	5-14	3.8
2019/20	2020-W34	15-34	2.0
2019/20	2020-W34	35-59	3.3
2019/20	2020-W34	60-79	9.1
2019/20	2020-W34	80+	31.2
2019/20	2020-W34	00+	7.8
2019/20	2020-W35	0-4	26.5
2019/20	2020-W35	5-14	4.3
2019/20	2020-W35	15-34	1.4
2019/20	2020-W35	35-59	2.4
2019/20	2020-W35	60-79	8.0
2019/20	2020-W35	80+	31.8
2019/20	2020-W35	00+	7.4
2019/20	2020-W36	0-4	26.9
2019/20	2020-W36	5-14	5.3
2019/20	2020-W36	15-34	1.6
2019/20	2020-W36	35-59	2.9
2019/20	2020-W36	60-79	10.6
2019/20	2020-W36	80+	24.7
2019/20	2020-W36	00+	7.7
2019/20	2020-W37	0-4	28.2
2019/20	2020-W37	5-14	3.1
2019/20	2020-W37	15-34	2.5
2019/20	2020-W37	35-59	3.6
2019/20	2020-W37	60-79	9.9
2019/20	2020-W37	80+	30.1
2019/20	2020-W37	00+	8.2
2019/20	2020-W38	0-4	22.2
2019/20	2020-W38	5-14	3.1
2019/20	2020-W38	15-34	1.3
2019/20	2020-W38	35-59	4.5
2019/20	2020-W38	60-79	9.5
2019/20	2020-W38	80+	29.2
2019/20	2020-W38	00+	7.8
2019/20	2020-W39	0-4	21.3
2019/20	2020-W39	5-14	3.8
2019/20	2020-W39	15-34	1.6
2019/20	2020-W39	35-59	3.0
2019/20	2020-W39	60-79	11.5
2019/20	2020-W39	80+	34.1
2019/20	2020-W39	00+	8.3
2020/21	2020-W40	0-4	13.2
2020/21	2020-W40	5-14	3.1
2020/21	2020-W40	15-34	2.6
2020/21	2020-W40	35-59	3.1
2020/21	2020-W40	60-79	11.1
2020/21	2020-W40	80+	31.0
2020/21	2020-W40	00+	7.7
2020/21	2020-W41	0-4	15.8
2020/21	2020-W41	5-14	2.4
2020/21	2020-W41	15-34	2.0
2020/21	2020-W41	35-59	4.3
2020/21	2020-W41	60-79	11.0
2020/21	2020-W41	80+	32.9
2020/21	2020-W41	00+	8.2
2020/21	2020-W42	0-4	17.9
2020/21	2020-W42	5-14	2.2
2020/21	2020-W42	15-34	1.1
2020/21	2020-W42	35-59	5.1
2020/21	2020-W42	60-79	11.4
2020/21	2020-W42	80+	34.4
2020/21	2020-W42	00+	8.5
2020/21	2020-W43	0-4	14.1
2020/21	2020-W43	5-14	1.4
2020/21	2020-W43	15-34	3.1
2020/21	2020-W43	35-59	6.8
2020/21	2020-W43	60-79	17.2
2020/21	2020-W43	80+	48.6
2020/21	2020-W43	00+	11.8
2020/21	2020-W44	0-4	8.1
2020/21	2020-W44	5-14	2.2
2020/21	2020-W44	15-34	3.8
2020/21	2020-W44	35-59	8.8
2020/21	2020-W44	60-79	23.1
2020/21	2020-W44	80+	57.4
2020/21	2020-W44	00+	14.4
2020/21	2020-W45	0-4	12.4
2020/21	2020-W45	5-14	0.7
2020/21	2020-W45	15-34	2.7
2020/21	2020-W45	35-59	10.3
2020/21	2020-W45	60-79	23.3
2020/21	2020-W45	80+	67.6
2020/21	2020-W45	00+	15.6
2020/21	2020-W46	0-4	14.5
2020/21	2020-W46	5-14	2.2
2020/21	2020-W46	15-34	4.2
2020/21	2020-W46	35-59	12.2
2020/21	2020-W46	60-79	25.8
2020/21	2020-W46	80+	71.8
2020/21	2020-W46	00+	17.8
2020/21	2020-W47	0-4	14.5
2020/21	2020-W47	5-14	1.4
2020/21	2020-W47	15-34	2.2
2020/21	2020-W47	35-59	9.9
2020/21	2020-W47	60-79	25.5
2020/21	2020-W47	80+	73.3
2020/21	2020-W47	00+	16.6
2020/21	2020-W48	0-4	13.7
2020/21	2020-W48	5-14	1.4
2020/21	2020-W48	15-34	3.3
2020/21	2020-W48	35-59	10.8
2020/21	2020-W48	60-79	26.7
2020/21	2020-W48	80+	83.8
2020/21	2020-W48	00+	18.2
2020/21	2020-W49	0-4	16.2
2020/21	2020-W49	5-14	1.4
2020/21	2020-W49	15-34	3.3
2020/21	2020-W49	35-59	10.3
2020/21	2020-W49	60-79	29.6
2020/21	2020-W49	80+	92.9
2020/21	2020-W49	00+	19.6
2020/21	2020-W50	0-4	13.7
2020/21	2020-W50	5-14	1.0
2020/21	2020-W50	15-34	2.0
2020/21	2020-W50	35-59	10.5
2020/21	2020-W50	60-79	32.7
2020/21	2020-W50	80+	107.9
2020/21	2020-W50	00+	21.1
2020/21	2020-W51	0-4	10.2
2020/21	2020-W51	5-14	1.2
2020/21	2020-W51	15-34	3.5
2020/21	2020-W51	35-59	11.7
2020/21	2020-W51	60-79	39.6
2020/21	2020-W51	80+	104.5
2020/21	2020-W51	00+	23.0
2020/21	2020-W52	0-4	8.1
2020/21	2020-W52	5-14	0.7
2020/21	2020-W52	15-34	2.6
2020/21	2020-W52	35-59	13.1
2020/21	2020-W52	60-79	36.8
2020/21	2020-W52	80+	121.0
2020/21	2020-W52	00+	23.8
2020/21	2020-W53	0-4	5.5
2020/21	2020-W53	5-14	0.2
2020/21	2020-W53	15-34	2.2
2020/21	2020-W53	35-59	9.9
2020/21	2020-W53	60-79	39.9
2020/21	2020-W53	80+	121.8
2020/21	2020-W53	00+	23.3
2020/21	2021-W01	0-4	5.7
2020/21	2021-W01	5-14	0.9
2020/21	2021-W01	15-34	2.9
2020/21	2021-W01	35-59	10.0
2020/21	2021-W01	60-79	29.8
2020/21	2021-W01	80+	100.2
2020/21	2021-W01	00+	19.7
2020/21	2021-W02	0-4	4.8
2020/21	2021-W02	5-14	0.7
2020/21	2021-W02	15-34	1.3
2020/21	2021-W02	35-59	8.8
2020/21	2021-W02	60-79	26.9
2020/21	2021-W02	80+	91.7
2020/21	2021-W02	00+	17.5
2020/21	2021-W03	0-4	3.0
2020/21	2021-W03	5-14	0.9
2020/21	2021-W03	15-34	1.3
2020/21	2021-W03	35-59	7.3
2020/21	2021-W03	60-79	27.4
2020/21	2021-W03	80+	84.2
2020/21	2021-W03	00+	16.5
2020/21	2021-W04	0-4	3.0
2020/21	2021-W04	5-14	0.5
2020/21	2021-W04	15-34	2.1
2020/21	2021-W04	35-59	6.5
2020/21	2021-W04	60-79	22.6
2020/21	2021-W04	80+	71.0
2020/21	2021-W04	00+	14.1
2020/21	2021-W05	0-4	4.8
2020/21	2021-W05	5-14	0.5
2020/21	2021-W05	15-34	0.5
2020/21	2021-W05	35-59	4.8
2020/21	2021-W05	60-79	18.6
2020/21	2021-W05	80+	71.5
2020/21	2021-W05	00+	12.4
2020/21	2021-W06	0-4	5.2
2020/21	2021-W06	5-14	0.5
2020/21	2021-W06	15-34	1.4
2020/21	2021-W06	35-59	6.6
2020/21	2021-W06	60-79	18.2
2020/21	2021-W06	80+	53.6
2020/21	2021-W06	00+	11.6
2020/21	2021-W07	0-4	6.5
2020/21	2021-W07	5-14	0.2
2020/21	2021-W07	15-34	1.2
2020/21	2021-W07	35-59	5.4
2020/21	2021-W07	60-79	17.8
2020/21	2021-W07	80+	49.1
2020/21	2021-W07	00+	10.7
2020/21	2021-W08	0-4	5.7
2020/21	2021-W08	5-14	0.7
2020/21	2021-W08	15-34	2.0
2020/21	2021-W08	35-59	5.7
2020/21	2021-W08	60-79	17.4
2020/21	2021-W08	80+	47.1
2020/21	2021-W08	00+	10.7
2020/21	2021-W09	0-4	6.5
2020/21	2021-W09	5-14	1.2
2020/21	2021-W09	15-34	2.1
2020/21	2021-W09	35-59	6.7
2020/21	2021-W09	60-79	19.2
2020/21	2021-W09	80+	42.1
2020/21	2021-W09	00+	11.2
2020/21	2021-W10	0-4	10.5
2020/21	2021-W10	5-14	0.5
2020/21	2021-W10	15-34	2.9
2020/21	2021-W10	35-59	8.1
2020/21	2021-W10	60-79	21.4
2020/21	2021-W10	80+	48.5
2020/21	2021-W10	00+	13.0
2020/21	2021-W11	0-4	13.1
2020/21	2021-W11	5-14	0.9
2020/21	2021-W11	15-34	3.9
2020/21	2021-W11	35-59	9.0
2020/21	2021-W11	60-79	22.0
2020/21	2021-W11	80+	51.3
2020/21	2021-W11	00+	14.0
2020/21	2021-W12	0-4	12.2
2020/21	2021-W12	5-14	0.9
2020/21	2021-W12	15-34	2.8
2020/21	2021-W12	35-59	11.8
2020/21	2021-W12	60-79	26.6
2020/21	2021-W12	80+	51.3
2020/21	2021-W12	00+	15.8
2020/21	2021-W13	0-4	15.2
2020/21	2021-W13	5-14	1.7
2020/21	2021-W13	15-34	3.6
2020/21	2021-W13	35-59	14.8
2020/21	2021-W13	60-79	29.7
2020/21	2021-W13	80+	46.6
2020/21	2021-W13	00+	17.5
2020/21	2021-W14	0-4	8.3
2020/21	2021-W14	5-14	0.7
2020/21	2021-W14	15-34	3.4
2020/21	2021-W14	35-59	16.8
2020/21	2021-W14	60-79	29.8
2020/21	2021-W14	80+	48.5
2020/21	2021-W14	00+	17.8
2020/21	2021-W15	0-4	9.1
2020/21	2021-W15	5-14	0.5
2020/21	2021-W15	15-34	3.5
2020/21	2021-W15	35-59	13.8
2020/21	2021-W15	60-79	30.2
2020/21	2021-W15	80+	44.9
2020/21	2021-W15	00+	16.7
2020/21	2021-W16	0-4	7.8
2020/21	2021-W16	5-14	1.2
2020/21	2021-W16	15-34	5.0
2020/21	2021-W16	35-59	15.8
2020/21	2021-W16	60-79	30.2
2020/21	2021-W16	80+	45.2
2020/21	2021-W16	00+	17.7
2020/21	2021-W17	0-4	9.6
2020/21	2021-W17	5-14	1.4
2020/21	2021-W17	15-34	4.2
2020/21	2021-W17	35-59	14.8
2020/21	2021-W17	60-79	28.6
2020/21	2021-W17	80+	45.4
2020/21	2021-W17	00+	16.9
2020/21	2021-W18	0-4	8.7
2020/21	2021-W18	5-14	0.9
2020/21	2021-W18	15-34	2.5
2020/21	2021-W18	35-59	10.9
2020/21	2021-W18	60-79	20.6
2020/21	2021-W18	80+	36.8
2020/21	2021-W18	00+	12.6
2020/21	2021-W19	0-4	8.3
2020/21	2021-W19	5-14	0.0
2020/21	2021-W19	15-34	2.5
2020/21	2021-W19	35-59	9.7
2020/21	2021-W19	60-79	18.9
2020/21	2021-W19	80+	37.3
2020/21	2021-W19	00+	11.7
2020/21	2021-W20	0-4	10.5
2020/21	2021-W20	5-14	1.4
2020/21	2021-W20	15-34	2.3
2020/21	2021-W20	35-59	7.6
2020/21	2021-W20	60-79	15.6
2020/21	2021-W20	80+	32.8
2020/21	2021-W20	00+	10.1
2020/21	2021-W21	0-4	7.0
2020/21	2021-W21	5-14	1.4
2020/21	2021-W21	15-34	1.5
2020/21	2021-W21	35-59	4.1
2020/21	2021-W21	60-79	9.5
2020/21	2021-W21	80+	23.3
2020/21	2021-W21	00+	6.4
2020/21	2021-W22	0-4	15.2
2020/21	2021-W22	5-14	1.2
2020/21	2021-W22	15-34	1.5
2020/21	2021-W22	35-59	4.5
2020/21	2021-W22	60-79	10.7
2020/21	2021-W22	80+	26.7
2020/21	2021-W22	00+	7.5
2020/21	2021-W23	0-4	15.2
2020/21	2021-W23	5-14	1.4
2020/21	2021-W23	15-34	0.9
2020/21	2021-W23	35-59	3.0
2020/21	2021-W23	60-79	10.1
2020/21	2021-W23	80+	23.0
2020/21	2021-W23	00+	6.5
2020/21	2021-W24	0-4	17.0
2020/21	2021-W24	5-14	0.9
2020/21	2021-W24	15-34	1.1
2020/21	2021-W24	35-59	2.7
2020/21	2021-W24	60-79	8.9
2020/21	2021-W24	80+	24.7
2020/21	2021-W24	00+	6.3
2020/21	2021-W25	0-4	18.7
2020/21	2021-W25	5-14	1.7
2020/21	2021-W25	15-34	0.8
2020/21	2021-W25	35-59	3.7
2020/21	2021-W25	60-79	6.9
2020/21	2021-W25	80+	24.1
2020/21	2021-W25	00+	6.2
2020/21	2021-W26	0-4	18.3
2020/21	2021-W26	5-14	2.6
2020/21	2021-W26	15-34	1.1
2020/21	2021-W26	35-59	2.7
2020/21	2021-W26	60-79	7.7
2020/21	2021-W26	80+	24.7
2020/21	2021-W26	00+	6.2
2020/21	2021-W27	0-4	20.9
2020/21	2021-W27	5-14	1.9
2020/21	2021-W27	15-34	1.5
2020/21	2021-W27	35-59	2.5
2020/21	2021-W27	60-79	7.7
2020/21	2021-W27	80+	25.0
2020/21	2021-W27	00+	6.4
2020/21	2021-W28	0-4	26.6
2020/21	2021-W28	5-14	2.4
2020/21	2021-W28	15-34	1.2
2020/21	2021-W28	35-59	2.5
2020/21	2021-W28	60-79	9.1
2020/21	2021-W28	80+	23.8
2020/21	2021-W28	00+	6.9
2020/21	2021-W29	0-4	25.7
2020/21	2021-W29	5-14	2.6
2020/21	2021-W29	15-34	1.8
2020/21	2021-W29	35-59	2.9
2020/21	2021-W29	60-79	8.5
2020/21	2021-W29	80+	27.5
2020/21	2021-W29	00+	7.3
2020/21	2021-W30	0-4	29.2
2020/21	2021-W30	5-14	1.4
2020/21	2021-W30	15-34	2.0
2020/21	2021-W30	35-59	3.2
2020/21	2021-W30	60-79	9.7
2020/21	2021-W30	80+	24.4
2020/21	2021-W30	00+	7.5
2020/21	2021-W31	0-4	23.1
2020/21	2021-W31	5-14	2.8
2020/21	2021-W31	15-34	2.3
2020/21	2021-W31	35-59	3.2
2020/21	2021-W31	60-79	9.7
2020/21	2021-W31	80+	26.7
2020/21	2021-W31	00+	7.6
2020/21	2021-W32	0-4	23.1
2020/21	2021-W32	5-14	1.7
2020/21	2021-W32	15-34	2.2
2020/21	2021-W32	35-59	3.9
2020/21	2021-W32	60-79	8.9
2020/21	2021-W32	80+	28.1
2020/21	2021-W32	00+	7.6
2020/21	2021-W33	0-4	31.8
2020/21	2021-W33	5-14	1.7
2020/21	2021-W33	15-34	2.0
2020/21	2021-W33	35-59	5.1
2020/21	2021-W33	60-79	10.5
2020/21	2021-W33	80+	27.8
2020/21	2021-W33	00+	8.8
2020/21	2021-W34	0-4	29.2
2020/21	2021-W34	5-14	1.9
2020/21	2021-W34	15-34	3.0
2020/21	2021-W34	35-59	7.8
2020/21	2021-W34	60-79	9.2
2020/21	2021-W34	80+	26.7
2020/21	2021-W34	00+	9.3
2020/21	2021-W35	0-4	35.3
2020/21	2021-W35	5-14	1.7
2020/21	2021-W35	15-34	2.5
2020/21	2021-W35	35-59	7.5
2020/21	2021-W35	60-79	9.8
2020/21	2021-W35	80+	30.9
2020/21	2021-W35	00+	9.9
2020/21	2021-W36	0-4	61.4
2020/21	2021-W36	5-14	2.1
2020/21	2021-W36	15-34	4.3
2020/21	2021-W36	35-59	6.3
2020/21	2021-W36	60-79	11.7
2020/21	2021-W36	80+	36.8
2020/21	2021-W36	00+	12.3
2020/21	2021-W37	0-4	71.8
2020/21	2021-W37	5-14	3.1
2020/21	2021-W37	15-34	3.2
2020/21	2021-W37	35-59	6.0
2020/21	2021-W37	60-79	12.8
2020/21	2021-W37	80+	33.9
2020/21	2021-W37	00+	12.6
2020/21	2021-W38	0-4	108.9
2020/21	2021-W38	5-14	3.6
2020/21	2021-W38	15-34	3.0
2020/21	2021-W38	35-59	4.9
2020/21	2021-W38	60-79	12.2
2020/21	2021-W38	80+	35.6
2020/21	2021-W38	00+	14.3
2020/21	2021-W39	0-4	140.2
2020/21	2021-W39	5-14	2.4
2020/21	2021-W39	15-34	2.3
2020/21	2021-W39	35-59	6.6
2020/21	2021-W39	60-79	11.1
2020/21	2021-W39	80+	39.3
2020/21	2021-W39	00+	16.3
2021/22	2021-W40	0-4	164.6
2021/22	2021-W40	5-14	4.5
2021/22	2021-W40	15-34	3.0
2021/22	2021-W40	35-59	6.7
2021/22	2021-W40	60-79	14.3
2021/22	2021-W40	80+	41.0
2021/22	2021-W40	00+	18.9
2021/22	2021-W41	0-4	168.5
2021/22	2021-W41	5-14	4.0
2021/22	2021-W41	15-34	3.5
2021/22	2021-W41	35-59	5.8
2021/22	2021-W41	60-79	13.5
2021/22	2021-W41	80+	46.0
2021/22	2021-W41	00+	19.1
2021/22	2021-W42	0-4	182.4
2021/22	2021-W42	5-14	4.7
2021/22	2021-W42	15-34	2.9
2021/22	2021-W42	35-59	7.5
2021/22	2021-W42	60-79	20.8
2021/22	2021-W42	80+	57.8
2021/22	2021-W42	00+	23.0
2021/22	2021-W43	0-4	166.8
2021/22	2021-W43	5-14	5.9
2021/22	2021-W43	15-34	3.3
2021/22	2021-W43	35-59	8.2
2021/22	2021-W43	60-79	25.6
2021/22	2021-W43	80+	68.5
2021/22	2021-W43	00+	24.7
2021/22	2021-W44	0-4	144.1
2021/22	2021-W44	5-14	8.1
2021/22	2021-W44	15-34	3.5
2021/22	2021-W44	35-59	8.8
2021/22	2021-W44	60-79	28.0
2021/22	2021-W44	80+	75.2
2021/22	2021-W44	00+	25.1
2021/22	2021-W45	0-4	126.7
2021/22	2021-W45	5-14	4.5
2021/22	2021-W45	15-34	3.3
2021/22	2021-W45	35-59	10.2
2021/22	2021-W45	60-79	26.4
2021/22	2021-W45	80+	76.6
2021/22	2021-W45	00+	23.9
2021/22	2021-W46	0-4	118.9
2021/22	2021-W46	5-14	5.0
2021/22	2021-W46	15-34	3.9
2021/22	2021-W46	35-59	11.7
2021/22	2021-W46	60-79	30.5
2021/22	2021-W46	80+	85.8
2021/22	2021-W46	00+	25.9
2021/22	2021-W47	0-4	103.2
2021/22	2021-W47	5-14	5.0
2021/22	2021-W47	15-34	4.1
2021/22	2021-W47	35-59	11.5
2021/22	2021-W47	60-79	31.1
2021/22	2021-W47	80+	85.6
2021/22	2021-W47	00+	25.2
2021/22	2021-W48	0-4	71.0
2021/22	2021-W48	5-14	4.3
2021/22	2021-W48	15-34	4.1
2021/22	2021-W48	35-59	14.5
2021/22	2021-W48	60-79	33.5
2021/22	2021-W48	80+	79.4
2021/22	2021-W48	00+	24.4
2021/22	2021-W49	0-4	59.7
2021/22	2021-W49	5-14	2.1
2021/22	2021-W49	15-34	3.5
2021/22	2021-W49	35-59	13.3
2021/22	2021-W49	60-79	32.4
2021/22	2021-W49	80+	71.0
2021/22	2021-W49	00+	22.1
2021/22	2021-W50	0-4	60.1
2021/22	2021-W50	5-14	3.3
2021/22	2021-W50	15-34	2.6
2021/22	2021-W50	35-59	11.0
2021/22	2021-W50	60-79	25.4
2021/22	2021-W50	80+	57.2
2021/22	2021-W50	00+	18.5
2021/22	2021-W51	0-4	43.5
2021/22	2021-W51	5-14	1.9
2021/22	2021-W51	15-34	1.6
2021/22	2021-W51	35-59	6.5
2021/22	2021-W51	60-79	17.3
2021/22	2021-W51	80+	44.9
2021/22	2021-W51	00+	12.8
2021/22	2021-W52	0-4	27.0
2021/22	2021-W52	5-14	1.7
2021/22	2021-W52	15-34	1.9
2021/22	2021-W52	35-59	6.6
2021/22	2021-W52	60-79	11.3
2021/22	2021-W52	80+	37.0
2021/22	2021-W52	00+	9.9
2021/22	2022-W01	0-4	25.0
2021/22	2022-W01	5-14	1.5
2021/22	2022-W01	15-34	2.7
2021/22	2022-W01	35-59	7.9
2021/22	2022-W01	60-79	19.2
2021/22	2022-W01	80+	45.9
2021/22	2022-W01	00+	13.0
2021/22	2022-W02	0-4	30.8
2021/22	2022-W02	5-14	2.4
2021/22	2022-W02	15-34	1.7
2021/22	2022-W02	35-59	5.6
2021/22	2022-W02	60-79	15.7
2021/22	2022-W02	80+	38.1
2021/22	2022-W02	00+	11.0
2021/22	2022-W03	0-4	32.9
2021/22	2022-W03	5-14	3.7
2021/22	2022-W03	15-34	2.1
2021/22	2022-W03	35-59	5.2
2021/22	2022-W03	60-79	12.4
2021/22	2022-W03	80+	44.0
2021/22	2022-W03	00+	10.9
2021/22	2022-W04	0-4	31.2
2021/22	2022-W04	5-14	2.9
2021/22	2022-W04	15-34	3.2
2021/22	2022-W04	35-59	5.2
2021/22	2022-W04	60-79	14.6
2021/22	2022-W04	80+	42.9
2021/22	2022-W04	00+	11.4
2021/22	2022-W05	0-4	32.1
2021/22	2022-W05	5-14	4.2
2021/22	2022-W05	15-34	2.3
2021/22	2022-W05	35-59	6.1
2021/22	2022-W05	60-79	16.2
2021/22	2022-W05	80+	44.6
2021/22	2022-W05	00+	12.2
2021/22	2022-W06	0-4	32.5
2021/22	2022-W06	5-14	2.0
2021/22	2022-W06	15-34	1.8
2021/22	2022-W06	35-59	6.4
2021/22	2022-W06	60-79	16.9
2021/22	2022-W06	80+	50.5
2021/22	2022-W06	00+	12.7
2021/22	2022-W07	0-4	27.9
2021/22	2022-W07	5-14	4.4
2021/22	2022-W07	15-34	1.6
2021/22	2022-W07	35-59	5.5
2021/22	2022-W07	60-79	15.4
2021/22	2022-W07	80+	46.7
2021/22	2022-W07	00+	11.7
2021/22	2022-W08	0-4	32.5
2021/22	2022-W08	5-14	3.1
2021/22	2022-W08	15-34	0.6
2021/22	2022-W08	35-59	4.5
2021/22	2022-W08	60-79	17.0
2021/22	2022-W08	80+	60.2
2021/22	2022-W08	00+	12.8
2021/22	2022-W09	0-4	35.0
2021/22	2022-W09	5-14	2.4
2021/22	2022-W09	15-34	1.1
2021/22	2022-W09	35-59	5.7
2021/22	2022-W09	60-79	15.2
2021/22	2022-W09	80+	60.8
2021/22	2022-W09	00+	13.0
2021/22	2022-W10	0-4	32.1
2021/22	2022-W10	5-14	2.4
2021/22	2022-W10	15-34	2.3
2021/22	2022-W10	35-59	3.9
2021/22	2022-W10	60-79	19.7
2021/22	2022-W10	80+	68.1
2021/22	2022-W10	00+	14.1
2021/22	2022-W11	0-4	27.5
2021/22	2022-W11	5-14	3.1
2021/22	2022-W11	15-34	1.8
2021/22	2022-W11	35-59	4.7
2021/22	2022-W11	60-79	18.5
2021/22	2022-W11	80+	70.2
2021/22	2022-W11	00+	14.0
2021/22	2022-W12	0-4	32.9
2021/22	2022-W12	5-14	2.9
2021/22	2022-W12	15-34	1.7
2021/22	2022-W12	35-59	4.3
2021/22	2022-W12	60-79	17.4
2021/22	2022-W12	80+	68.6
2021/22	2022-W12	00+	13.7
2021/22	2022-W13	0-4	40.0
2021/22	2022-W13	5-14	3.1
2021/22	2022-W13	15-34	2.4
2021/22	2022-W13	35-59	4.0
2021/22	2022-W13	60-79	16.0
2021/22	2022-W13	80+	64.6
2021/22	2022-W13	00+	13.5
2021/22	2022-W14	0-4	26.7
2021/22	2022-W14	5-14	4.6
2021/22	2022-W14	15-34	1.8
2021/22	2022-W14	35-59	3.5
2021/22	2022-W14	60-79	16.8
2021/22	2022-W14	80+	56.7
2021/22	2022-W14	00+	12.2
2021/22	2022-W15	0-4	31.6
2021/22	2022-W15	5-14	2.6
2021/22	2022-W15	15-34	1.6
2021/22	2022-W15	35-59	3.7
2021/22	2022-W15	60-79	13.1
2021/22	2022-W15	80+	53.5
2021/22	2022-W15	00+	11.1
2021/22	2022-W16	0-4	28.7
2021/22	2022-W16	5-14	1.8
2021/22	2022-W16	15-34	1.0
2021/22	2022-W16	35-59	3.1
2021/22	2022-W16	60-79	12.0
2021/22	2022-W16	80+	51.3
2021/22	2022-W16	00+	10.1
2021/22	2022-W17	0-4	23.3
2021/22	2022-W17	5-14	3.3
2021/22	2022-W17	15-34	2.6
2021/22	2022-W17	35-59	3.0
2021/22	2022-W17	60-79	14.2
2021/22	2022-W17	80+	44.0
2021/22	2022-W17	00+	10.2
2021/22	2022-W18	0-4	21.2
2021/22	2022-W18	5-14	4.6
2021/22	2022-W18	15-34	1.4
2021/22	2022-W18	35-59	4.0
2021/22	2022-W18	60-79	12.9
2021/22	2022-W18	80+	43.8
2021/22	2022-W18	00+	10.0
2021/22	2022-W19	0-4	31.2
2021/22	2022-W19	5-14	8.1
2021/22	2022-W19	15-34	1.5
2021/22	2022-W19	35-59	2.6
2021/22	2022-W19	60-79	10.5
2021/22	2022-W19	80+	45.4
2021/22	2022-W19	00+	10.0
2021/22	2022-W20	0-4	30.0
2021/22	2022-W20	5-14	3.3
2021/22	2022-W20	15-34	2.1
2021/22	2022-W20	35-59	2.0
2021/22	2022-W20	60-79	9.0
2021/22	2022-W20	80+	34.6
2021/22	2022-W20	00+	8.1
2021/22	2022-W21	0-4	25.8
2021/22	2022-W21	5-14	1.5
2021/22	2022-W21	15-34	1.5
2021/22	2022-W21	35-59	2.0
2021/22	2022-W21	60-79	10.7
2021/22	2022-W21	80+	31.1
2021/22	2022-W21	00+	7.7
2021/22	2022-W22	0-4	27.9
2021/22	2022-W22	5-14	3.1
2021/22	2022-W22	15-34	1.5
2021/22	2022-W22	35-59	3.5
2021/22	2022-W22	60-79	13.3
2021/22	2022-W22	80+	31.6
2021/22	2022-W22	00+	9.1
2021/22	2022-W23	0-4	27.9
2021/22	2022-W23	5-14	2.4
2021/22	2022-W23	15-34	1.8
2021/22	2022-W23	35-59	3.0
2021/22	2022-W23	60-79	12.3
2021/22	2022-W23	80+	40.5
2021/22	2022-W23	00+	9.4
2021/22	2022-W24	0-4	27.1
2021/22	2022-W24	5-14	2.4
2021/22	2022-W24	15-34	2.7
2021/22	2022-W24	35-59	3.0
2021/22	2022-W24	60-79	11.1
2021/22	2022-W24	80+	34.3
2021/22	2022-W24	00+	8.7
2021/22	2022-W25	0-4	19.6
2021/22	2022-W25	5-14	2.2
2021/22	2022-W25	15-34	1.9
2021/22	2022-W25	35-59	3.0
2021/22	2022-W25	60-79	13.3
2021/22	2022-W25	80+	47.3
2021/22	2022-W25	00+	9.8
2021/22	2022-W26	0-4	14.2
2021/22	2022-W26	5-14	1.5
2021/22	2022-W26	15-34	2.1
2021/22	2022-W26	35-59	3.0
2021/22	2022-W26	60-79	15.0
2021/22	2022-W26	80+	51.6
2021/22	2022-W26	00+	10.2
2021/22	2022-W27	0-4	13.3
2021/22	2022-W27	5-14	2.0
2021/22	2022-W27	15-34	1.0
2021/22	2022-W27	35-59	3.3
2021/22	2022-W27	60-79	13.9
2021/22	2022-W27	80+	48.4
2021/22	2022-W27	00+	9.6
2021/22	2022-W28	0-4	21.7
2021/22	2022-W28	5-14	1.8
2021/22	2022-W28	15-34	1.0
2021/22	2022-W28	35-59	1.7
2021/22	2022-W28	60-79	14.4
2021/22	2022-W28	80+	51.9
2021/22	2022-W28	00+	9.9
2021/22	2022-W29	0-4	18.3
2021/22	2022-W29	5-14	2.2
2021/22	2022-W29	15-34	1.1
2021/22	2022-W29	35-59	2.5
2021/22	2022-W29	60-79	18.5
2021/22	2022-W29	80+	65.1
2021/22	2022-W29	00+	12.2
2021/22	2022-W30	0-4	13.3
2021/22	2022-W30	5-14	1.8
2021/22	2022-W30	15-34	0.7
2021/22	2022-W30	35-59	2.6
2021/22	2022-W30	60-79	12.6
2021/22	2022-W30	80+	53.5
2021/22	2022-W30	00+	9.4
2021/22	2022-W31	0-4	10.4
2021/22	2022-W31	5-14	2.4
2021/22	2022-W31	15-34	1.6
2021/22	2022-W31	35-59	3.1
2021/22	2022-W31	60-79	14.5
2021/22	2022-W31	80+	48.4
2021/22	2022-W31	00+	9.7
2021/22	2022-W32	0-4	12.5
2021/22	2022-W32	5-14	1.3
2021/22	2022-W32	15-34	1.4
2021/22	2022-W32	35-59	2.8
2021/22	2022-W32	60-79	10.9
2021/22	2022-W32	80+	48.6
2021/22	2022-W32	00+	8.7
2021/22	2022-W33	0-4	10.4
2021/22	2022-W33	5-14	2.0
2021/22	2022-W33	15-34	1.9
2021/22	2022-W33	35-59	2.8
2021/22	2022-W33	60-79	12.6
2021/22	2022-W33	80+	44.6
2021/22	2022-W33	00+	8.8
2021/22	2022-W34	0-4	15.0
2021/22	2022-W34	5-14	3.7
2021/22	2022-W34	15-34	1.5
2021/22	2022-W34	35-59	2.2
2021/22	2022-W34	60-79	10.4
2021/22	2022-W34	80+	35.7
2021/22	2022-W34	00+	7.7
2021/22	2022-W35	0-4	19.2
2021/22	2022-W35	5-14	4.4
2021/22	2022-W35	15-34	0.8
2021/22	2022-W35	35-59	1.9
2021/22	2022-W35	60-79	9.9
2021/22	2022-W35	80+	34.8
2021/22	2022-W35	00+	7.6
2021/22	2022-W36	0-4	36.6
2021/22	2022-W36	5-14	5.5
2021/22	2022-W36	15-34	1.1
2021/22	2022-W36	35-59	3.3
2021/22	2022-W36	60-79	12.2
2021/22	2022-W36	80+	40.8
2021/22	2022-W36	00+	10.2
2021/22	2022-W37	0-4	33.3
2021/22	2022-W37	5-14	7.3
2021/22	2022-W37	15-34	1.1
2021/22	2022-W37	35-59	3.3
2021/22	2022-W37	60-79	11.6
2021/22	2022-W37	80+	37.3
2021/22	2022-W37	00+	9.7
2021/22	2022-W38	0-4	36.6
2021/22	2022-W38	5-14	5.9
2021/22	2022-W38	15-34	1.7
2021/22	2022-W38	35-59	3.5
2021/22	2022-W38	60-79	13.1
2021/22	2022-W38	80+	52.1
2021/22	2022-W38	00+	11.6
2021/22	2022-W39	0-4	43.3
2021/22	2022-W39	5-14	5.3
2021/22	2022-W39	15-34	2.3
2021/22	2022-W39	35-59	4.6
2021/22	2022-W39	60-79	18.5
2021/22	2022-W39	80+	71.3
2021/22	2022-W39	00+	15.2
2022/23	2022-W40	0-4	45.0
2022/23	2022-W40	5-14	3.7
2022/23	2022-W40	15-34	1.6
2022/23	2022-W40	35-59	3.3
2022/23	2022-W40	60-79	19.5
2022/23	2022-W40	80+	82.7
2022/23	2022-W40	00+	15.8
2022/23	2022-W41	0-4	55.8
2022/23	2022-W41	5-14	6.2
2022/23	2022-W41	15-34	2.3
2022/23	2022-W41	35-59	3.5
2022/23	2022-W41	60-79	22.0
2022/23	2022-W41	80+	85.6
2022/23	2022-W41	00+	17.7
2022/23	2022-W42	0-4	66.6
2022/23	2022-W42	5-14	8.8
2022/23	2022-W42	15-34	1.9
2022/23	2022-W42	35-59	4.7
2022/23	2022-W42	60-79	20.0
2022/23	2022-W42	80+	77.3
2022/23	2022-W42	00+	17.7
2022/23	2022-W43	0-4	72.0
2022/23	2022-W43	5-14	5.9
2022/23	2022-W43	15-34	1.8
2022/23	2022-W43	35-59	3.3
2022/23	2022-W43	60-79	20.2
2022/23	2022-W43	80+	67.8
2022/23	2022-W43	00+	16.5
2022/23	2022-W44	0-4	92.9
2022/23	2022-W44	5-14	5.9
2022/23	2022-W44	15-34	1.5
2022/23	2022-W44	35-59	3.5
2022/23	2022-W44	60-79	14.7
2022/23	2022-W44	80+	55.6
2022/23	2022-W44	00+	15.3
2022/23	2022-W45	0-4	106.2
2022/23	2022-W45	5-14	12.3
2022/23	2022-W45	15-34	1.8
2022/23	2022-W45	35-59	3.8
2022/23	2022-W45	60-79	17.7
2022/23	2022-W45	80+	57.3
2022/23	2022-W45	00+	17.7
2022/23	2022-W46	0-4	147.4
2022/23	2022-W46	5-14	12.8
2022/23	2022-W46	15-34	3.4
2022/23	2022-W46	35-59	5.5
2022/23	2022-W46	60-79	19.6
2022/23	2022-W46	80+	51.9
2022/23	2022-W46	00+	20.8
2022/23	2022-W47	0-4	185.3
2022/23	2022-W47	5-14	18.3
2022/23	2022-W47	15-34	5.8
2022/23	2022-W47	35-59	5.8
2022/23	2022-W47	60-79	22.4
2022/23	2022-W47	80+	70.8
2022/23	2022-W47	00+	26.3
2022/23	2022-W48	0-4	206.1
2022/23	2022-W48	5-14	21.4
2022/23	2022-W48	15-34	8.0
2022/23	2022-W48	35-59	7.6
2022/23	2022-W48	60-79	22.0
2022/23	2022-W48	80+	85.1
2022/23	2022-W48	00+	29.8
2022/23	2022-W49	0-4	214.9
2022/23	2022-W49	5-14	22.0
2022/23	2022-W49	15-34	7.3
2022/23	2022-W49	35-59	9.5
2022/23	2022-W49	60-79	33.4
2022/23	2022-W49	80+	112.6
2022/23	2022-W49	00+	35.9
2022/23	2022-W50	0-4	182.4
2022/23	2022-W50	5-14	22.7
2022/23	2022-W50	15-34	7.4
2022/23	2022-W50	35-59	10.0
2022/23	2022-W50	60-79	38.3
2022/23	2022-W50	80+	142.6
2022/23	2022-W50	00+	38.1
2022/23	2022-W51	0-4	151.2
2022/23	2022-W51	5-14	13.2
2022/23	2022-W51	15-34	4.4
2022/23	2022-W51	35-59	7.7
2022/23	2022-W51	60-79	42.5
2022/23	2022-W51	80+	151.0
2022/23	2022-W51	00+	35.8
2022/23	2022-W52	0-4	102.0
2022/23	2022-W52	5-14	8.1
2022/23	2022-W52	15-34	2.3
2022/23	2022-W52	35-59	7.3
2022/23	2022-W52	60-79	42.6
2022/23	2022-W52	80+	144.2
2022/23	2022-W52	00+	31.5
2022/23	2023-W01	0-4	87.9
2022/23	2023-W01	5-14	4.2
2022/23	2023-W01	15-34	3.2
2022/23	2023-W01	35-59	5.7
2022/23	2023-W01	60-79	37.7
2022/23	2023-W01	80+	129.9
2022/23	2023-W01	00+	27.6
2022/23	2023-W02	0-4	60.0
2022/23	2023-W02	5-14	5.3
2022/23	2023-W02	15-34	2.4
2022/23	2023-W02	35-59	4.4
2022/23	2023-W02	60-79	19.7
2022/23	2023-W02	80+	82.9
2022/23	2023-W02	00+	17.4
2022/23	2023-W03	0-4	63.7
2022/23	2023-W03	5-14	5.7
2022/23	2023-W03	15-34	1.5
2022/23	2023-W03	35-59	3.2
2022/23	2023-W03	60-79	14.6
2022/23	2023-W03	80+	60.5
2022/23	2023-W03	00+	13.9
2022/23	2023-W04	0-4	60.4
2022/23	2023-W04	5-14	6.8
2022/23	2023-W04	15-34	1.4
2022/23	2023-W04	35-59	4.2
2022/23	2023-W04	60-79	15.2
2022/23	2023-W04	80+	59.7
2022/23	2023-W04	00+	14.2
2022/23	2023-W05	0-4	57.5
2022/23	2023-W05	5-14	5.9
2022/23	2023-W05	15-34	2.3
2022/23	2023-W05	35-59	3.5
2022/23	2023-W05	60-79	15.6
2022/23	2023-W05	80+	58.6
2022/23	2023-W05	00+	13.9
2022/23	2023-W06	0-4	57.0
2022/23	2023-W06	5-14	5.9
2022/23	2023-W06	15-34	2.4
2022/23	2023-W06	35-59	4.0
2022/23	2023-W06	60-79	18.3
2022/23	2023-W06	80+	67.0
2022/23	2023-W06	00+	15.5
2022/23	2023-W07	0-4	56.6
2022/23	2023-W07	5-14	5.7
2022/23	2023-W07	15-34	1.5
2022/23	2023-W07	35-59	4.0
2022/23	2023-W07	60-79	17.5
2022/23	2023-W07	80+	69.7
2022/23	2023-W07	00+	15.3
2022/23	2023-W08	0-4	47.5
2022/23	2023-W08	5-14	7.3
2022/23	2023-W08	15-34	3.6
2022/23	2023-W08	35-59	5.1
2022/23	2023-W08	60-79	19.3
2022/23	2023-W08	80+	76.7
2022/23	2023-W08	00+	16.8
2022/23	2023-W09	0-4	57.5
2022/23	2023-W09	5-14	5.9
2022/23	2023-W09	15-34	2.7
2022/23	2023-W09	35-59	4.1
2022/23	2023-W09	60-79	19.8
2022/23	2023-W09	80+	81.6
2022/23	2023-W09	00+	17.2
2022/23	2023-W10	0-4	67.9
2022/23	2023-W10	5-14	7.9
2022/23	2023-W10	15-34	2.2
2022/23	2023-W10	35-59	4.0
2022/23	2023-W10	60-79	21.1
2022/23	2023-W10	80+	80.5
2022/23	2023-W10	00+	18.0
2022/23	2023-W11	0-4	57.5
2022/23	2023-W11	5-14	10.8
2022/23	2023-W11	15-34	3.8
2022/23	2023-W11	35-59	4.5
2022/23	2023-W11	60-79	20.9
2022/23	2023-W11	80+	86.4
2022/23	2023-W11	00+	18.7
2022/23	2023-W12	0-4	56.2
2022/23	2023-W12	5-14	10.1
2022/23	2023-W12	15-34	2.6
2022/23	2023-W12	35-59	5.5
2022/23	2023-W12	60-79	21.4
2022/23	2023-W12	80+	75.4
2022/23	2023-W12	00+	17.8
2022/23	2023-W13	0-4	50.8
2022/23	2023-W13	5-14	7.9
2022/23	2023-W13	15-34	2.3
2022/23	2023-W13	35-59	4.9
2022/23	2023-W13	60-79	16.0
2022/23	2023-W13	80+	69.4
2022/23	2023-W13	00+	15.3
2022/23	2023-W14	0-4	45.0
2022/23	2023-W14	5-14	7.7
2022/23	2023-W14	15-34	2.5
2022/23	2023-W14	35-59	4.5
2022/23	2023-W14	60-79	18.8
2022/23	2023-W14	80+	68.9
2022/23	2023-W14	00+	15.5
2022/23	2023-W15	0-4	36.6
2022/23	2023-W15	5-14	5.1
2022/23	2023-W15	15-34	1.4
2022/23	2023-W15	35-59	4.3
2022/23	2023-W15	60-79	15.5
2022/23	2023-W15	80+	57.3
2022/23	2023-W15	00+	12.7
2022/23	2023-W16	0-4	34.6
2022/23	2023-W16	5-14	5.1
2022/23	2023-W16	15-34	1.9
2022/23	2023-W16	35-59	4.1
2022/23	2023-W16	60-79	16.8
2022/23	2023-W16	80+	53.8
2022/23	2023-W16	00+	12.6
2022/23	2023-W17	0-4	40.4
2022/23	2023-W17	5-14	5.1
2022/23	2023-W17	15-34	1.8
2022/23	2023-W17	35-59	4.3
2022/23	2023-W17	60-79	13.2
2022/23	2023-W17	80+	46.2
2022/23	2023-W17	00+	11.5
2022/23	2023-W18	0-4	35.0
2022/23	2023-W18	5-14	8.4
2022/23	2023-W18	15-34	2.5
2022/23	2023-W18	35-59	3.4
2022/23	2023-W18	60-79	15.7
2022/23	2023-W18	80+	52.7
2022/23	2023-W18	00+	12.5
2022/23	2023-W19	0-4	37.9
2022/23	2023-W19	5-14	6.4
2022/23	2023-W19	15-34	1.5
2022/23	2023-W19	35-59	2.8
2022/23	2023-W19	60-79	15.0
2022/23	2023-W19	80+	49.2
2022/23	2023-W19	00+	11.6
2022/23	2023-W20	0-4	26.2
2022/23	2023-W20	5-14	4.4
2022/23	2023-W20	15-34	1.6
2022/23	2023-W20	35-59	2.9
2022/23	2023-W20	60-79	14.3
2022/23	2023-W20	80+	50.2
2022/23	2023-W20	00+	10.8
2022/23	2023-W21	0-4	28.7
2022/23	2023-W21	5-14	3.5
2022/23	2023-W21	15-34	1.8
2022/23	2023-W21	35-59	3.2
2022/23	2023-W21	60-79	12.8
2022/23	2023-W21	80+	42.7
2022/23	2023-W21	00+	10.0
2022/23	2023-W22	0-4	24.2
2022/23	2023-W22	5-14	5.3
2022/23	2023-W22	15-34	1.8
2022/23	2023-W22	35-59	2.9
2022/23	2023-W22	60-79	15.5
2022/23	2023-W22	80+	40.5
2022/23	2023-W22	00+	10.3
2022/23	2023-W23	0-4	22.5
2022/23	2023-W23	5-14	5.7
2022/23	2023-W23	15-34	1.1
2022/23	2023-W23	35-59	3.0
2022/23	2023-W23	60-79	12.8
2022/23	2023-W23	80+	40.5
2022/23	2023-W23	00+	9.5
2022/23	2023-W24	0-4	17.9
2022/23	2023-W24	5-14	4.0
2022/23	2023-W24	15-34	0.7
2022/23	2023-W24	35-59	3.2
2022/23	2023-W24	60-79	13.6
2022/23	2023-W24	80+	37.5
2022/23	2023-W24	00+	9.0
2022/23	2023-W25	0-4	20.4
2022/23	2023-W25	5-14	2.9
2022/23	2023-W25	15-34	1.6
2022/23	2023-W25	35-59	3.4
2022/23	2023-W25	60-79	11.4
2022/23	2023-W25	80+	33.0
2022/23	2023-W25	00+	8.3
2022/23	2023-W26	0-4	18.7
2022/23	2023-W26	5-14	3.3
2022/23	2023-W26	15-34	0.6
2022/23	2023-W26	35-59	2.8
2022/23	2023-W26	60-79	10.7
2022/23	2023-W26	80+	26.2
2022/23	2023-W26	00+	7.1
2022/23	2023-W27	0-4	20.8
2022/23	2023-W27	5-14	2.0
2022/23	2023-W27	15-34	0.7
2022/23	2023-W27	35-59	2.7
2022/23	2023-W27	60-79	11.5
2022/23	2023-W27	80+	33.8
2022/23	2023-W27	00+	7.9
2022/23	2023-W28	0-4	18.7
2022/23	2023-W28	5-14	3.1
2022/23	2023-W28	15-34	0.9
2022/23	2023-W28	35-59	3.9
2022/23	2023-W28	60-79	9.5
2022/23	2023-W28	80+	32.1
2022/23	2023-W28	00+	7.7
2022/23	2023-W29	0-4	19.2
2022/23	2023-W29	5-14	1.8
2022/23	2023-W29	15-34	0.5
2022/23	2023-W29	35-59	2.4
2022/23	2023-W29	60-79	11.0
2022/23	2023-W29	80+	28.6
2022/23	2023-W29	00+	7.1
2022/23	2023-W30	0-4	17.1
2022/23	2023-W30	5-14	1.8
2022/23	2023-W30	15-34	1.1
2022/23	2023-W30	35-59	1.6
2022/23	2023-W30	60-79	9.7
2022/23	2023-W30	80+	28.6
2022/23	2023-W30	00+	6.6
2022/23	2023-W31	0-4	12.9
2022/23	2023-W31	5-14	1.8
2022/23	2023-W31	15-34	1.3
2022/23	2023-W31	35-59	2.4
2022/23	2023-W31	60-79	9.4
2022/23	2023-W31	80+	22.4
2022/23	2023-W31	00+	6.0
2022/23	2023-W32	0-4	18.7
2022/23	2023-W32	5-14	4.0
2022/23	2023-W32	15-34	1.8
2022/23	2023-W32	35-59	3.0
2022/23	2023-W32	60-79	8.8
2022/23	2023-W32	80+	30.5
2022/23	2023-W32	00+	7.4
2022/23	2023-W33	0-4	23.3
2022/23	2023-W33	5-14	4.8
2022/23	2023-W33	15-34	1.4
2022/23	2023-W33	35-59	2.9
2022/23	2023-W33	60-79	12.1
2022/23	2023-W33	80+	45.7
2022/23	2023-W33	00+	9.7
2022/23	2023-W34	0-4	26.7
2022/23	2023-W34	5-14	4.6
2022/23	2023-W34	15-34	2.1
2022/23	2023-W34	35-59	3.1
2022/23	2023-W34	60-79	10.7
2022/23	2023-W34	80+	35.9
2022/23	2023-W34	00+	8.9
2022/23	2023-W35	0-4	22.1
2022/23	2023-W35	5-14	5.9
2022/23	2023-W35	15-34	2.3
2022/23	2023-W35	35-59	3.2
2022/23	2023-W35	60-79	11.2
2022/23	2023-W35	80+	38.4
2022/23	2023-W35	00+	9.2
2022/23	2023-W36	0-4	45.0
2022/23	2023-W36	5-14	8.1
2022/23	2023-W36	15-34	1.5
2022/23	2023-W36	35-59	3.5
2022/23	2023-W36	60-79	11.5
2022/23	2023-W36	80+	47.0
2022/23	2023-W36	00+	11.4
2022/23	2023-W37	0-4	35.0
2022/23	2023-W37	5-14	5.9
2022/23	2023-W37	15-34	2.1
2022/23	2023-W37	35-59	4.0
2022/23	2023-W37	60-79	12.9
2022/23	2023-W37	80+	41.6
2022/23	2023-W37	00+	10.8
2022/23	2023-W38	0-4	29.1
2022/23	2023-W38	5-14	5.7
2022/23	2023-W38	15-34	3.1
2022/23	2023-W38	35-59	3.0
2022/23	2023-W38	60-79	14.0
2022/23	2023-W38	80+	40.5
2022/23	2023-W38	00+	10.5
2022/23	2023-W39	0-4	35.8
2022/23	2023-W39	5-14	5.9
2022/23	2023-W39	15-34	2.1
2022/23	2023-W39	35-59	3.2
2022/23	2023-W39	60-79	13.6
2022/23	2023-W39	80+	49.2
2022/23	2023-W39	00+	11.4
2023/24	2023-W40	0-4	27.9
2023/24	2023-W40	5-14	6.2
2023/24	2023-W40	15-34	2.5
2023/24	2023-W40	35-59	3.8
2023/24	2023-W40	60-79	12.6
2023/24	2023-W40	80+	55.1
2023/24	2023-W40	00+	11.5
2023/24	2023-W41	0-4	30.4
2023/24	2023-W41	5-14	5.5
2023/24	2023-W41	15-34	2.4
2023/24	2023-W41	35-59	4.2
2023/24	2023-W41	60-79	17.1
2023/24	2023-W41	80+	62.9
2023/24	2023-W41	00+	13.5
2023/24	2023-W42	0-4	31.6
2023/24	2023-W42	5-14	8.1
2023/24	2023-W42	15-34	3.0
2023/24	2023-W42	35-59	5.7
2023/24	2023-W42	60-79	18.5
2023/24	2023-W42	80+	69.7
2023/24	2023-W42	00+	15.3
2023/24	2023-W43	0-4	38.7
2023/24	2023-W43	5-14	10.6
2023/24	2023-W43	15-34	3.6
2023/24	2023-W43	35-59	4.2
2023/24	2023-W43	60-79	17.7
2023/24	2023-W43	80+	69.7
2023/24	2023-W43	00+	15.4
2023/24	2023-W44	0-4	40.0
2023/24	2023-W44	5-14	13.4
2023/24	2023-W44	15-34	3.2
2023/24	2023-W44	35-59	5.4
2023/24	2023-W44	60-79	21.6
2023/24	2023-W44	80+	73.5
2023/24	2023-W44	00+	17.3
2023/24	2023-W45	0-4	40.0
2023/24	2023-W45	5-14	9.0
2023/24	2023-W45	15-34	2.3
2023/24	2023-W45	35-59	4.8
2023/24	2023-W45	60-79	19.9
2023/24	2023-W45	80+	79.4
2023/24	2023-W45	00+	16.5
2023/24	2023-W46	0-4	56.2
2023/24	2023-W46	5-14	9.7
2023/24	2023-W46	15-34	4.1
2023/24	2023-W46	35-59	6.4
2023/24	2023-W46	60-79	19.9
2023/24	2023-W46	80+	76.7
2023/24	2023-W46	00+	18.1
2023/24	2023-W47	0-4	65.4
2023/24	2023-W47	5-14	11.0
2023/24	2023-W47	15-34	3.1
2023/24	2023-W47	35-59	5.6
2023/24	2023-W47	60-79	22.3
2023/24	2023-W47	80+	78.9
2023/24	2023-W47	00+	19.1
2023/24	2023-W48	0-4	88.3
2023/24	2023-W48	5-14	9.0
2023/24	2023-W48	15-34	4.6
2023/24	2023-W48	35-59	6.0
2023/24	2023-W48	60-79	21.1
2023/24	2023-W48	80+	81.0
2023/24	2023-W48	00+	20.4
2023/24	2023-W49	0-4	95.8
2023/24	2023-W49	5-14	9.9
2023/24	2023-W49	15-34	5.0
2023/24	2023-W49	35-59	6.7
2023/24	2023-W49	60-79	23.5
2023/24	2023-W49	80+	94.3
2023/24	2023-W49	00+	22.9
2023/24	2023-W50	0-4	119.5
2023/24	2023-W50	5-14	10.3
2023/24	2023-W50	15-34	4.0
2023/24	2023-W50	35-59	8.7
2023/24	2023-W50	60-79	28.1
2023/24	2023-W50	80+	100.2
2023/24	2023-W50	00+	26.3
2023/24	2023-W51	0-4	133.7
2023/24	2023-W51	5-14	13.4
2023/24	2023-W51	15-34	3.0
2023/24	2023-W51	35-59	7.3
2023/24	2023-W51	60-79	28.9
2023/24	2023-W51	80+	93.2
2023/24	2023-W51	00+	26.3
2023/24	2023-W52	0-4	128.7
2023/24	2023-W52	5-14	9.0
2023/24	2023-W52	15-34	4.0
2023/24	2023-W52	35-59	8.8
2023/24	2023-W52	60-79	28.6
2023/24	2023-W52	80+	103.5
2023/24	2023-W52	00+	27.1
2023/24	2024-W01	0-4	98.7
2023/24	2024-W01	5-14	10.8
2023/24	2024-W01	15-34	4.9
2023/24	2024-W01	35-59	9.0
2023/24	2024-W01	60-79	26.7
2023/24	2024-W01	80+	89.7
2023/24	2024-W01	00+	24.3
2023/24	2024-W02	0-4	75.0
2023/24	2024-W02	5-14	10.8
2023/24	2024-W02	15-34	4.6
2023/24	2024-W02	35-59	7.1
2023/24	2024-W02	60-79	19.8
2023/24	2024-W02	80+	67.3
2023/24	2024-W02	00+	18.8
2023/24	2024-W03	0-4	99.9
2023/24	2024-W03	5-14	16.7
2023/24	2024-W03	15-34	7.3
2023/24	2024-W03	35-59	7.6
2023/24	2024-W03	60-79	25.3
2023/24	2024-W03	80+	59.7
2023/24	2024-W03	00+	22.1
2023/24	2024-W04	0-4	109.5
2023/24	2024-W04	5-14	19.8
2023/24	2024-W04	15-34	6.5
2023/24	2024-W04	35-59	11.5
2023/24	2024-W04	60-79	24.4
2023/24	2024-W04	80+	71.9
2023/24	2024-W04	00+	24.8
